edicion lolla;artista;minuto;pantalla principal;juego de luces;vestimenta;baile;instrumental en vivo;interaccion publico;escenografia;link presentacion
2011;The Killers;0;vacia;Estáticas;formal;Sin baile;Sí;No;Sí;https://youtu.be/X7MNEzCA3M4?si=MsjtA6l0OeTPlvD7
2011;The Killers;1;streaming;Estáticas;formal;Sin baile;Sí;No;Sí;https://youtu.be/X7MNEzCA3M4?si=5SC5igZt1i9N8oj_
2011;The Killers;2;streaming;Intermitentes;formal;Sin baile;Sí;No;No;https://youtu.be/FPNwqLGlTmA?si=frK5RZhUU9ufq-pj
2011;The Killers;4;vacia;Intermitentes;formal;Sin baile;Sí;No;Sí;https://youtu.be/FPNwqLGlTmA?si=frK5RZhUU9ufq-pj
2011;The Killers;8;streaming;Intermitentes;formal;Sin baile;Sí;No;Sí;https://youtu.be/FPNwqLGlTmA?si=frK5RZhUU9ufq-pj
2011;The Killers;2;streaming;Intermitentes;formal;Sin baile;Sí;No;Sí;https://youtu.be/SY983dBD-mU?si=7BmqSQVtb9PBlzX-
2011;The Killers;4;streaming;Estáticas;formal;Sin baile;Sí;No;Sí;https://youtu.be/SY983dBD-mU?si=7BmqSQVtb9PBlzX-
2011;Jane's Addiction;0;NA;NA;NA;NA;NA;NA;NA;NA
2011;Kanye West;1;vacia;Estáticas;casual;Expresión corporal;No;No;No;https://youtu.be/Hc1FxZ8H2AA?si=mNfVgREXoGFMvYpr
2011;Kanye West;2;vacia;Estáticas;casual;Sin baile;No;Sí;No;https://youtu.be/Hc1FxZ8H2AA?si=mNfVgREXoGFMvYpr
2011;Kanye West;5;vacia;Apagadas;casual;Sin baile;No;No;No;https://youtu.be/Hc1FxZ8H2AA?si=mNfVgREXoGFMvYpr
2011;Kanye West;5;vacia;Estáticas;casual;Sin baile;No;Sí;No;https://youtu.be/Hc1FxZ8H2AA?si=mNfVgREXoGFMvYpr
2011;Kanye West;7;vacia;Intermitentes;casual;Sin baile;No;Sí;No;https://youtu.be/Hc1FxZ8H2AA?si=mNfVgREXoGFMvYpr
2011;Kanye West;9;vacia;Intermitentes;casual;Sin baile;No;Sí;No;https://youtu.be/Hc1FxZ8H2AA?si=mNfVgREXoGFMvYpr
2011;Kanye West;0;vacia;Estáticas;casual;Sin baile;No;Sí;No;https://youtu.be/JmPfZxq6LLg?si=pbgWV-xL97qdmTdW
2011;Kanye West;1;vacia;Estáticas;casual;Expresión corporal;No;No ;No;https://youtu.be/JmPfZxq6LLg?si=pbgWV-xL97qdmTdW
2011;Kanye West;2;vacia;Estáticas;casual;Expresión corporal;No;Sí;No;https://youtu.be/JmPfZxq6LLg?si=pbgWV-xL97qdmTdW
2012;Björk ;0;visuales;Apagadas;vacia;Sin baile;No;No;No;https://youtu.be/Mj_6Go7EKIA?si=cKLk6Dx2lSsPcuZ1
2012;Björk ;0;visuales;Estáticas;casual;Sin baile;Sí;No;Sí;https://youtu.be/Mj_6Go7EKIA?si=cKLk6Dx2lSsPcuZ2
2012;Björk ;5;visuales;Intermitentes;casual;Expresión corporal;Sí;No;Sí;https://youtu.be/Mj_6Go7EKIA?si=cKLk6Dx2lSsPcuZ3
2012;Björk ;31;vacia;Intermitentes;casual;Expresión corporal;Sí;No;Sí;https://youtu.be/Mj_6Go7EKIA?si=cKLk6Dx2lSsPcuZ4
2012;Björk ;35;visuales;Estáticas;casual;Expresión corporal;Sí;Sí;Sí;https://youtu.be/Mj_6Go7EKIA?si=cKLk6Dx2lSsPcuZ5
2012;Björk ;41;visuales;Estáticas;casual;Expresión corporal;Sí;No;Sí;https://youtu.be/Mj_6Go7EKIA?si=cKLk6Dx2lSsPcuZ6
2012;Björk ;46;vacia;Estáticas;casual;Sin baile;No;Sí;Sí;https://youtu.be/Mj_6Go7EKIA?si=cKLk6Dx2lSsPcuZ7
2012;Björk ;48;vacia;Estáticas;casual;Expresión corporal;Sí;Sí;Sí;https://youtu.be/Mj_6Go7EKIA?si=cKLk6Dx2lSsPcuZ8
2012;Björk ;73;visuales;Intermitentes;casual;Expresión corporal;Sí;No;Sí;https://youtu.be/Mj_6Go7EKIA?si=cKLk6Dx2lSsPcuZ9
2012;Björk ;75;vacia;Intermitentes;casual;Expresión corporal;Sí;Sí;Sí;https://youtu.be/Mj_6Go7EKIA?si=cKLk6Dx2lSsPcuZ10
2012;Björk ;78;visuales;Intermitentes;casual;Expresión corporal;Sí;Sí;Sí;https://youtu.be/Mj_6Go7EKIA?si=cKLk6Dx2lSsPcuZ11
2012;Foo Fighters ;6;vacia;Estáticas;casual;Sin baile;Sí;No;No;https://youtu.be/-Ops9bQfsq0?si=_cdQ1OV0Fhfkhh89
2012;Foo Fighters ;10;vacia;Estáticas;casual;Sin baile;Sí;Sí;No;https://youtu.be/-Ops9bQfsq0?si=_cdQ1OV0Fhfkhh90
2012;Foo Fighters ;12;vacia;Estáticas;casual;Sin baile;Sí;Sí;No;https://youtu.be/-Ops9bQfsq0?si=_cdQ1OV0Fhfkhh91
2012;Foo Fighters ;75;vacia;Estáticas;casual;Sin baile;Sí;Sí;No;https://youtu.be/-Ops9bQfsq0?si=_cdQ1OV0Fhfkhh92
2012;Foo Fighters ;85;vacia;Estáticas;casual;Sin baile;Sí;Sí;No;https://youtu.be/-Ops9bQfsq0?si=_cdQ1OV0Fhfkhh93
2012;Foo Fighters ;88;visuales;Intermitentes;casual;Sin baile;Sí;No;No;https://youtu.be/-Ops9bQfsq0?si=_cdQ1OV0Fhfkhh94
2012;Foo Fighters ;90;visuales;Estáticas;casual;Sin baile;Sí;Sí;No;https://youtu.be/-Ops9bQfsq0?si=_cdQ1OV0Fhfkhh95
2012;Foo Fighters ;91;visuales;Estáticas;casual;Sin baile;Sí;Sí;No;https://youtu.be/-Ops9bQfsq0?si=_cdQ1OV0Fhfkhh96
2012;Foo Fighters ;92;visuales;Estáticas;casual;Sin baile;Sí;Sí;No;https://youtu.be/-Ops9bQfsq0?si=_cdQ1OV0Fhfkhh97
2012;Foo Fighters ;94;visuales;Intermitentes;casual;Sin baile;Sí;No;No;https://youtu.be/-Ops9bQfsq0?si=_cdQ1OV0Fhfkhh98
2012;Foo Fighters ;149;vacia;Estáticas;casual;Sin baile;Sí;Sí;No;https://youtu.be/-Ops9bQfsq0?si=_cdQ1OV0Fhfkhh99
2012;Foo Fighters ;150;vacia;Intermitentes;casual;Sin baile;Sí;No;No;https://youtu.be/-Ops9bQfsq0?si=_cdQ1OV0Fhfkhh100
2012;Foo Fighters ;160;vacia;Estáticas;casual;Sin baile;Sí;Sí;No;https://youtu.be/-Ops9bQfsq0?si=_cdQ1OV0Fhfkhh101
2012;Arctic Monkeys;0;NA;NA;NA;NA;NA;NA;NA;NA
2013;Pearl Jam;0;vacia;Estáticas;vacia;Sin baile;Sí;Sí;No;https://youtu.be/kG6vx6AsNvw?si=EG7k055ImdCQErt5
2013;Pearl Jam;2;vacia;Estáticas;casual;Sin baile;Sí;No;No;https://youtu.be/kG6vx6AsNvw?si=EG7k055ImdCQErt6
2013;Pearl Jam;5;vacia;Intermitentes;casual;Sin baile;Sí;Sí;No;https://youtu.be/kG6vx6AsNvw?si=EG7k055ImdCQErt7
2013;Pearl Jam;56;vacia;Estáticas;casual;Sin baile;Sí;No;No;https://youtu.be/kG6vx6AsNvw?si=EG7k055ImdCQErt8
2013;Pearl Jam;61;vacia;Estáticas;casual;Sin baile;Sí;Sí;No;https://youtu.be/kG6vx6AsNvw?si=EG7k055ImdCQErt9
2013;Pearl Jam;64;vacia;Estáticas;casual;Sin baile;Sí;Sí;No;https://youtu.be/kG6vx6AsNvw?si=EG7k055ImdCQErt10
2013;Pearl Jam;69;vacia;Intermitentes;casual;Expresión corporal;Sí;No;No;https://youtu.be/kG6vx6AsNvw?si=EG7k055ImdCQErt11
2013;Pearl Jam;71;vacia;Estáticas;casual;Sin baile;Sí;No;No;https://youtu.be/kG6vx6AsNvw?si=EG7k055ImdCQErt12
2013;Pearl Jam;74;vacia;Intermitentes;casual;Sin baile;Sí;Sí;No;https://youtu.be/kG6vx6AsNvw?si=EG7k055ImdCQErt13
2013;Pearl Jam;123;vacia;Estáticas;casual;Expresión corporal;Sí;Sí;No;https://youtu.be/kG6vx6AsNvw?si=EG7k055ImdCQErt14
2013;Pearl Jam;129;vacia;Estáticas;casual;Sin baile;Sí;Sí;No;https://youtu.be/kG6vx6AsNvw?si=EG7k055ImdCQErt15
2013;Pearl Jam;132;vacia;Estáticas;casual;Sin baile;Sí;Sí;No;https://youtu.be/kG6vx6AsNvw?si=EG7k055ImdCQErt16
2013;Queens Of The Stone Age;0;logo;Estáticas;casual;Sin baile;Sí;Sí;No;https://youtu.be/_5WqI6o73UY?si=v83lS5sPLwY9Ym5d
2013;Queens Of The Stone Age;7;logo;Estáticas;casual;Sin baile;Sí;Sí;No;https://youtu.be/_5WqI6o73UY?si=v83lS5sPLwY9Ym5d
2013;Queens Of The Stone Age;27;logo;Estáticas;casual;Sin baile;Sí;Sí;No;https://youtu.be/_5WqI6o73UY?si=v83lS5sPLwY9Ym5d
2013;Queens Of The Stone Age;30;logo;Intermitentes;casual;Sin baile;Sí;No;No;https://youtu.be/_5WqI6o73UY?si=v83lS5sPLwY9Ym5d
2013;Queens Of The Stone Age;38;logo;Intermitentes;casual;Sin baile;Sí;Sí;No;https://youtu.be/_5WqI6o73UY?si=v83lS5sPLwY9Ym5d
2013;Queens Of The Stone Age;42;vacia;Apagadas;casual;Sin baile;Sí;No;No;https://youtu.be/_5WqI6o73UY?si=v83lS5sPLwY9Ym5d
2013;Queens Of The Stone Age;64;logo;Intermitentes;casual;Sin baile;Sí;Sí;No;https://youtu.be/_5WqI6o73UY?si=v83lS5sPLwY9Ym5d
2013;Queens Of The Stone Age;68;logo;Intermitentes;casual;Expresión corporal;Sí;No;No;https://youtu.be/_5WqI6o73UY?si=v83lS5sPLwY9Ym5d
2013;Queens Of The Stone Age;74;logo;Estáticas;casual;Sin baile;Sí;Sí;No;https://youtu.be/_5WqI6o73UY?si=v83lS5sPLwY9Ym5d
2013;The Black Keys ;0;vacia;Intermitentes;casual;Sin baile;Sí;No;No;https://youtu.be/hxi99WT8BpA?si=2TjSsaliW-8nLX54
2013;The Black Keys ;2;vacia;Estáticas;casual;Expresión corporal;Sí;Sí;No;https://youtu.be/hxi99WT8BpA?si=2TjSsaliW-8nLX55
2013;The Black Keys ;10;vacia;Estáticas;casual;Sin baile;Sí;Sí;No;https://youtu.be/hxi99WT8BpA?si=2TjSsaliW-8nLX56
2013;The Black Keys ;33;vacia;Estáticas;casual;Sin baile;Sí;No;No;https://youtu.be/hxi99WT8BpA?si=2TjSsaliW-8nLX57
2013;The Black Keys ;36;vacia;Estáticas;casual;Sin baile;Sí;No;No;https://youtu.be/hxi99WT8BpA?si=2TjSsaliW-8nLX58
2013;The Black Keys ;100;vacia;Apagadas;casual;Sin baile;Sí;Sí;No;https://youtu.be/hxi99WT8BpA?si=2TjSsaliW-8nLX59
2013;The Black Keys ;70;vacia;Estáticas;casual;Sin baile;Sí;No;Sí;https://youtu.be/hxi99WT8BpA?si=2TjSsaliW-8nLX60
2013;The Black Keys ;73;vacia;Estáticas;casual;Expresión corporal;Sí;Sí;Sí;https://youtu.be/hxi99WT8BpA?si=2TjSsaliW-8nLX61
2013;The Black Keys ;81;logo;Estáticas;casual;Sin baile;Sí;Sí;Sí;https://youtu.be/hxi99WT8BpA?si=2TjSsaliW-8nLX62
2013;deadmau5;0;NA;NA;NA;NA;NA;NA;NA;NA
2014;Nine Inch Nails;1;vacia;Intermitentes;casual;Sin baile;Sí;No;No;https://youtu.be/fF4iJWma0sc?si=YDqkv2D-CrK-GVzO
2014;Nine Inch Nails;3;vacia;Estáticas;casual;Expresión corporal;Sí;Sí;No;https://youtu.be/fF4iJWma0sc?si=YDqkv2D-CrK-GVzO
2014;Nine Inch Nails;9;vacia;Estáticas;casual;Expresión corporal;Sí;Sí;No;https://youtu.be/fF4iJWma0sc?si=YDqkv2D-CrK-GVzO
2014;Nine Inch Nails;38;vacia;Intermitentes;casual;Expresión corporal;Sí;No;No;https://youtu.be/fF4iJWma0sc?si=YDqkv2D-CrK-GVzO
2014;Nine Inch Nails;41;vacia;Estáticas;casual;Sin baile;Sí;No ;No;https://youtu.be/fF4iJWma0sc?si=YDqkv2D-CrK-GVzO
2014;Nine Inch Nails;49;vacia;Estáticas;casual;Expresión corporal;Sí;No;No;https://youtu.be/fF4iJWma0sc?si=YDqkv2D-CrK-GVzO
2014;Nine Inch Nails;86;vacia;Intermitentes;casual;Expresión corporal;Sí;Sí;No;https://youtu.be/fF4iJWma0sc?si=YDqkv2D-CrK-GVzO
2014;Nine Inch Nails;89;vacia;Intermitentes;casual;Sin baile;Sí;Sí;No;https://youtu.be/fF4iJWma0sc?si=YDqkv2D-CrK-GVzO
2014;Nine Inch Nails;90;vacia;Apagadas;casual;Sin baile;Sí;Sí;No;https://youtu.be/fF4iJWma0sc?si=YDqkv2D-CrK-GVzO
2014;Red Hot Chili Peppers;1;vacia;Estáticas;casual;Sin baile;Sí;No;No;https://youtu.be/NVo5e9UyofI?si=JKA9Gm-2a0b2cK0n
2014;Red Hot Chili Peppers;5;vacia;Apagadas;casual;Sin baile;Sí;No;No;https://youtu.be/NVo5e9UyofI?si=JKA9Gm-2a0b2cK0n
2014;Red Hot Chili Peppers;6;visuales;Estáticas;casual;Sin baile;Sí;No;No;https://youtu.be/NVo5e9UyofI?si=JKA9Gm-2a0b2cK0n
2014;Red Hot Chili Peppers;9;visuales;Intermitentes;casual;Expresión corporal;Sí;No;No;https://youtu.be/NVo5e9UyofI?si=JKA9Gm-2a0b2cK0n
2014;Red Hot Chili Peppers;35;visuales;Estáticas;casual;Sin baile;Sí;No;No;https://youtu.be/NVo5e9UyofI?si=JKA9Gm-2a0b2cK0n
2014;Red Hot Chili Peppers;37;vacia;Apagadas;casual;Sin baile;Sí;Sí;No;https://youtu.be/NVo5e9UyofI?si=JKA9Gm-2a0b2cK0n
2014;Red Hot Chili Peppers;45;visuales;Estáticas;casual;Expresión corporal;Sí;No;No;https://youtu.be/NVo5e9UyofI?si=JKA9Gm-2a0b2cK0n
2014;Red Hot Chili Peppers;48;vacia;Estáticas;casual;Sin baile;Sí;No;No;https://youtu.be/NVo5e9UyofI?si=JKA9Gm-2a0b2cK0n
2014;Red Hot Chili Peppers;51;visuales;Estáticas;casual;Expresión corporal;Sí;No;No;https://youtu.be/NVo5e9UyofI?si=JKA9Gm-2a0b2cK0n
2014;Red Hot Chili Peppers;79;vacia;Intermitentes;casual;Expresión corporal;Sí;No;No;https://youtu.be/NVo5e9UyofI?si=JKA9Gm-2a0b2cK0n
2014;Red Hot Chili Peppers;84;streaming;Estáticas;casual;Sin baile;Sí;No;No;https://youtu.be/NVo5e9UyofI?si=JKA9Gm-2a0b2cK0n
2014;Red Hot Chili Peppers;88;streaming;Estáticas;casual;Sin baile;Sí;Sí;No;https://youtu.be/NVo5e9UyofI?si=JKA9Gm-2a0b2cK0n
2014;Arcade Fire;0;NA;NA;NA;NA;NA;NA;NA;NA
2014;Soundgarden;1;visuales;Estáticas;formal;Sin baile;Sí;No;No;https://youtu.be/2oXAlKTr_Qw?si=adNBpxbFQgiYmw9q
2014;Soundgarden;4;vacia;Intermitentes;formal;Expresión corporal;Sí;No;No;https://youtu.be/2oXAlKTr_Qw?si=adNBpxbFQgiYmw9q
2014;Soundgarden;6;vacia;Estáticas;formal;Sin baile;Sí;Sí;No;https://youtu.be/2oXAlKTr_Qw?si=adNBpxbFQgiYmw9q
2014;Soundgarden;8;vacia;Intermitentes;formal;Sin baile;Sí;Sí;No;https://youtu.be/2oXAlKTr_Qw?si=adNBpxbFQgiYmw9q
2014;Soundgarden;55;vacia;Estáticas;casual;Sin baile;Sí;No;No;https://youtu.be/2oXAlKTr_Qw?si=adNBpxbFQgiYmw9q
2014;Soundgarden;60;vacia;Estáticas;casual;Sin baile;Sí;Sí;No;https://youtu.be/2oXAlKTr_Qw?si=adNBpxbFQgiYmw9q
2014;Soundgarden;62;vacia;Estáticas;casual;Expresión corporal;Sí;Sí;No;https://youtu.be/2oXAlKTr_Qw?si=adNBpxbFQgiYmw9q
2014;Soundgarden;68;vacia;Intermitentes;casual;Sin baile;Sí;No;No;https://youtu.be/2oXAlKTr_Qw?si=adNBpxbFQgiYmw9q
2014;Soundgarden;113;vacia;Intermitentes;casual;Sin baile;Sí;No;No;https://youtu.be/2oXAlKTr_Qw?si=adNBpxbFQgiYmw9q
2014;Soundgarden;115;vacia;Intermitentes;casual;Expresión corporal;Sí;No;No;https://youtu.be/2oXAlKTr_Qw?si=adNBpxbFQgiYmw9q
2014;Soundgarden;117;vacia;Intermitentes;casual;Sin baile;Sí;Sí;No;https://youtu.be/2oXAlKTr_Qw?si=adNBpxbFQgiYmw9q
2015;The Smashing Pumpkins;0;vacia;Estáticas;casual;Sin baile;Sí;Sí;No;https://youtu.be/7KPxfDF7mT0?si=iomt9LVHot5LPvCZ
2015;The Smashing Pumpkins;7;vacia;Intermitentes;casual;Sin baile;Sí;Sí;No;https://youtu.be/7KPxfDF7mT0?si=iomt9LVHot5LPvCZ
2015;The Smashing Pumpkins;33;vacia;Intermitentes;casual;Sin baile;Sí;No;No;https://youtu.be/7KPxfDF7mT0?si=iomt9LVHot5LPvCZ
2015;The Smashing Pumpkins;41;vacia;Intermitentes;casual;Sin baile;Sí;No;No;https://youtu.be/7KPxfDF7mT0?si=iomt9LVHot5LPvCZ
2015;The Smashing Pumpkins;43;vacia;Estáticas;casual;Sin baile;Sí;Sí;No;https://youtu.be/7KPxfDF7mT0?si=iomt9LVHot5LPvCZ
2015;The Smashing Pumpkins;43;vacia;Estáticas;casual;Sin baile;Sí;Sí;No;https://youtu.be/7KPxfDF7mT0?si=iomt9LVHot5LPvCZ
2015;The Smashing Pumpkins;70;vacia;Estáticas;casual;Sin baile;Sí;Sí;No;https://youtu.be/7KPxfDF7mT0?si=iomt9LVHot5LPvCZ
2015;The Smashing Pumpkins;71;vacia;Estáticas;casual;Expresión corporal;Sí;No;No;https://youtu.be/7KPxfDF7mT0?si=iomt9LVHot5LPvCZ
2015;The Smashing Pumpkins;76;vacia;Estáticas;casual;Sin baile;Sí;Sí;No;https://youtu.be/7KPxfDF7mT0?si=iomt9LVHot5LPvCZ
2015;Jack White;0;vacia;Intermitentes;formal;Sin baile;Sí;Sí;No;https://youtu.be/7Hk1ZzAIGZA?si=knI_bK4_aX3w1ud7
2015;Jack White;3;vacia;Intermitentes;formal;Sin baile;Sí;No;No;https://youtu.be/7Hk1ZzAIGZA?si=knI_bK4_aX3w1ud8
2015;Jack White;6;vacia;Intermitentes;formal;Expresión corporal;Sí;No;Sí;https://youtu.be/7Hk1ZzAIGZA?si=knI_bK4_aX3w1ud9
2015;Jack White;8;vacia;Intermitentes;formal;Sin baile;Sí;No;Sí;https://youtu.be/7Hk1ZzAIGZA?si=knI_bK4_aX3w1ud10
2015;Jack White;42;vacia;Intermitentes;formal;Sin baile;Sí;No;Sí;https://youtu.be/7Hk1ZzAIGZA?si=knI_bK4_aX3w1ud11
2015;Jack White;45;vacia;Intermitentes;formal;Sin baile;Sí;Sí;Sí;https://youtu.be/7Hk1ZzAIGZA?si=knI_bK4_aX3w1ud12
2015;Jack White;47;vacia;Intermitentes;formal;Expresión corporal;Sí;No;Sí;https://youtu.be/7Hk1ZzAIGZA?si=knI_bK4_aX3w1ud13
2015;Jack White;52;vacia;Intermitentes;formal;Sin baile;Sí;No;Sí;https://youtu.be/7Hk1ZzAIGZA?si=knI_bK4_aX3w1ud14
2015;Jack White;57;vacia;Intermitentes;formal;Sin baile;Sí;No;Sí;https://youtu.be/7Hk1ZzAIGZA?si=knI_bK4_aX3w1ud15
2015;Jack White;59;vacia;Intermitentes;formal;Sin baile;Sí;No;Sí;https://youtu.be/7Hk1ZzAIGZA?si=knI_bK4_aX3w1ud16
2015;Jack White;93;vacia;Intermitentes;formal;Sin baile;Sí;Sí;Sí;https://youtu.be/7Hk1ZzAIGZA?si=knI_bK4_aX3w1ud17
2015;Jack White;96;vacia;Intermitentes;formal;Sin baile;Sí;Sí;Sí;https://youtu.be/7Hk1ZzAIGZA?si=knI_bK4_aX3w1ud18
2015;Jack White;101;vacia;Intermitentes;formal;Sin baile;Sí;No;Sí;https://youtu.be/7Hk1ZzAIGZA?si=knI_bK4_aX3w1ud19
2015;Foster the People;0;logo;Apagadas;casual;Sin baile;Sí;Sí;No;https://youtu.be/Ft48KO2F7R8?si=HcDZQDPLtJYzHsZP
2015;Foster the People;2;logo;Apagadas;casual;Sin baile;Sí;Sí;No;https://youtu.be/Ft48KO2F7R8?si=HcDZQDPLtJYzHsZP
2015;Foster the People;3;visuales;Apagadas;casual;Expresión corporal;Sí;No;No;https://youtu.be/Ft48KO2F7R8?si=HcDZQDPLtJYzHsZP
2015;Foster the People;6;visuales;Apagadas;casual;Expresión corporal;Sí;No;No;https://youtu.be/Ft48KO2F7R8?si=HcDZQDPLtJYzHsZP
2015;Foster the People;7;vacia;Apagadas;casual;Sin baile;Sí;Sí;No;https://youtu.be/Ft48KO2F7R8?si=HcDZQDPLtJYzHsZP
2015;Foster the People;26;logo;Apagadas;casual;Sin baile;Sí;Sí;No;https://youtu.be/Ft48KO2F7R8?si=HcDZQDPLtJYzHsZP
2015;Foster the People;27;logo;Apagadas;casual;Expresión corporal;Sí;No;No;https://youtu.be/Ft48KO2F7R8?si=HcDZQDPLtJYzHsZP
2015;Foster the People;30;visuales;Apagadas;casual;Expresión corporal;Sí;No;No;https://youtu.be/Ft48KO2F7R8?si=HcDZQDPLtJYzHsZP
2015;Foster the People;38;visuales;Apagadas;casual;Sin baile;Sí;Sí;No;https://youtu.be/Ft48KO2F7R8?si=HcDZQDPLtJYzHsZP
2015;Foster the People;67;vacia;Estáticas;casual;Sin baile;Sí;No;No;https://youtu.be/Ft48KO2F7R8?si=HcDZQDPLtJYzHsZP
2015;Foster the People;68;vacia;Estáticas;casual;Sin baile;Sí;Sí;No;https://youtu.be/Ft48KO2F7R8?si=HcDZQDPLtJYzHsZP
2015;Foster the People;71;vacia;Estáticas;casual;Sin baile;Sí;Sí;No;https://youtu.be/Ft48KO2F7R8?si=HcDZQDPLtJYzHsZP
2015;Skrillex;0;logo;Intermitentes;casual;Expresión corporal;No;Sí;No;https://youtu.be/saJ_DRh_t40?si=Fjeisrt6WY7cPsEJ
2015;Skrillex;1;visuales;Intermitentes;casual;Sin baile;No;No;No;https://youtu.be/saJ_DRh_t40?si=Fjeisrt6WY7cPsEJ
2015;Skrillex;2;vacia;Intermitentes;casual;Sin baile;No;Sí;No;https://youtu.be/saJ_DRh_t40?si=Fjeisrt6WY7cPsEJ
2015;Skrillex;5;streaming;Intermitentes;casual;Expresión corporal;No;Sí;No;https://youtu.be/saJ_DRh_t40?si=Fjeisrt6WY7cPsEJ
2015;Skrillex;36;visuales;Intermitentes;casual;Expresión corporal;No;Sí;No;https://youtu.be/saJ_DRh_t40?si=Fjeisrt6WY7cPsEJ
2015;Skrillex;40;visuales;Intermitentes;casual;Sin baile;No;Sí;No;https://youtu.be/saJ_DRh_t40?si=Fjeisrt6WY7cPsEJ
2015;Skrillex;44;visuales;Intermitentes;casual;Expresión corporal;No;Sí;No;https://youtu.be/saJ_DRh_t40?si=Fjeisrt6WY7cPsEJ
2015;Skrillex;46;visuales;Intermitentes;casual;Expresión corporal;No;Sí;No;https://youtu.be/saJ_DRh_t40?si=Fjeisrt6WY7cPsEJ
2015;Skrillex;48;visuales;Intermitentes;casual;Sin baile;No;Sí;No;https://youtu.be/saJ_DRh_t40?si=Fjeisrt6WY7cPsEJ
2015;Skrillex;80;streaming;Estáticas;casual;Expresión corporal;No;Sí;No;https://youtu.be/saJ_DRh_t40?si=Fjeisrt6WY7cPsEJ
2015;Skrillex;82;visuales;Intermitentes;casual;Sin baile;No;Sí;No;https://youtu.be/saJ_DRh_t40?si=Fjeisrt6WY7cPsEJ
2015;Skrillex;84;streaming;Estáticas;casual;Sin baile;No;Sí;No;https://youtu.be/saJ_DRh_t40?si=Fjeisrt6WY7cPsEJ
2015;Robert Plant;1;logo;Estáticas;casual;Sin baile;Sí;Sí;No;https://youtu.be/YzXWmQKoyIk?si=pCuVxUs1cp5EqyIr
2015;Robert Plant;4;logo;Intermitentes;casual;Expresión corporal;Sí;No;No;https://youtu.be/YzXWmQKoyIk?si=pCuVxUs1cp5EqyIr
2015;Robert Plant;6;logo;Intermitentes;casual;Sin baile;Sí;Sí;No;https://youtu.be/YzXWmQKoyIk?si=pCuVxUs1cp5EqyIr
2015;Robert Plant;9;logo;Estáticas;casual;Sin baile;Sí;Sí;No;https://youtu.be/YzXWmQKoyIk?si=pCuVxUs1cp5EqyIr
2015;Robert Plant;27;logo;Intermitentes;casual;Expresión corporal;Sí;Sí;No;https://youtu.be/YzXWmQKoyIk?si=pCuVxUs1cp5EqyIr
2015;Robert Plant;31;logo;Intermitentes;casual;Coreografía;Sí;Sí;No;https://youtu.be/YzXWmQKoyIk?si=pCuVxUs1cp5EqyIr
2015;Robert Plant;38;logo;Intermitentes;casual;Sin baile;Sí;Sí;No;https://youtu.be/YzXWmQKoyIk?si=pCuVxUs1cp5EqyIr
2015;Robert Plant;42;logo;Intermitentes;casual;Expresión corporal;Sí;Sí;No;https://youtu.be/YzXWmQKoyIk?si=pCuVxUs1cp5EqyIr
2015;Robert Plant;65;logo;Intermitentes;casual;Expresión corporal;Sí;No;No;https://youtu.be/YzXWmQKoyIk?si=pCuVxUs1cp5EqyIr
2015;Robert Plant;70;logo;Estáticas;casual;Sin baile;Sí;Sí;No;https://youtu.be/YzXWmQKoyIk?si=pCuVxUs1cp5EqyIr
2015;Kings of Leon;1;visuales;Estáticas;casual;Expresión corporal;Sí;NA;No;https://youtu.be/30XV90gb6Hw?si=bbumZOaf4xxxxobr
2015;Kings of Leon;5;vacia;Intermitentes;casual;Sin baile;Sí;Sí;No;https://youtu.be/30XV90gb6Hw?si=bbumZOaf4xxxxobr
2015;Kings of Leon;9;visuales;Estáticas;casual;Sin baile;Sí;No;No;https://youtu.be/30XV90gb6Hw?si=bbumZOaf4xxxxobr
2015;Kings of Leon;36;visuales;Intermitentes;casual;Sin baile;Sí;No;No;https://youtu.be/30XV90gb6Hw?si=bbumZOaf4xxxxobr
2015;Kings of Leon;39;visuales;Intermitentes;casual;Sin baile;Sí;Sí;No;https://youtu.be/30XV90gb6Hw?si=bbumZOaf4xxxxobr
2015;Kings of Leon;45;visuales;Estáticas;casual;Sin baile;Sí;Sí;No;https://youtu.be/30XV90gb6Hw?si=bbumZOaf4xxxxobr
2015;Kings of Leon;52;vacia;Apagadas;casual;Sin baile;Sí;Sí;No;https://youtu.be/30XV90gb6Hw?si=bbumZOaf4xxxxobr
2015;Kings of Leon;80;streaming;Intermitentes;casual;Expresión corporal;Sí;No;No;https://youtu.be/30XV90gb6Hw?si=bbumZOaf4xxxxobr
2015;Kings of Leon;86;logo;Estáticas;casual;Sin baile;Sí;Sí;No;https://youtu.be/30XV90gb6Hw?si=bbumZOaf4xxxxobr
2015;Calvin Harris;0;NA;NA;NA;NA;NA;NA;NA;NA
2016;Eminem;0;NA;NA;NA;NA;NA;NA;NA;NA
2016;Florence and the Machine;2;vacia;Estáticas;casual;Sin baile;No;No;No;https://youtu.be/2UxZsKyHehw?si=slxT4L2H61wxtm3j 
2016;Florence and the Machine;4;vacia;Estáticas;casual;Expresión corporal;Sí;No;No;https://youtu.be/2UxZsKyHehw?si=slxT4L2H61wxtm3j 
2016;Florence and the Machine;7;vacia;Estáticas;casual;Expresión corporal;Sí;No;No;https://youtu.be/2UxZsKyHehw?si=slxT4L2H61wxtm3j 
2016;Florence and the Machine;36;vacia;Estáticas;casual;Sin baile;No;Sí;No;https://youtu.be/2UxZsKyHehw?si=slxT4L2H61wxtm3j 
2016;Florence and the Machine;38;visuales;Estáticas;casual;Expresión corporal;Sí;No;No;https://youtu.be/2UxZsKyHehw?si=slxT4L2H61wxtm3j 
2016;Florence and the Machine;41;visuales;Estáticas;casual;Expresión corporal;Sí;No;No;https://youtu.be/2UxZsKyHehw?si=slxT4L2H61wxtm3j 
2016;Florence and the Machine;48;vacia;Estáticas;casual;Sin baile;Sí;No;No;https://youtu.be/2UxZsKyHehw?si=slxT4L2H61wxtm3j 
2016;Florence and the Machine;49;vacia;Intermitentes;casual;Sin baile;Sí;No;No;https://youtu.be/2UxZsKyHehw?si=slxT4L2H61wxtm3j 
2016;Florence and the Machine;50;visuales;Estáticas;casual;Sin baile;Sí;No;No;https://youtu.be/2UxZsKyHehw?si=slxT4L2H61wxtm3j 
2016;Florence and the Machine;79;visuales;Intermitentes;casual;Expresión corporal;Sí;No;No;https://youtu.be/2UxZsKyHehw?si=slxT4L2H61wxtm3j 
2016;Florence and the Machine;80;visuales;Estáticas;casual;Sin baile;Sí;Sí;No;https://youtu.be/2UxZsKyHehw?si=slxT4L2H61wxtm3j 
2016;Florence and the Machine;88;visuales;Intermitentes;casual;Sin baile;Sí;No;No;https://youtu.be/2UxZsKyHehw?si=slxT4L2H61wxtm3j 
2016;Jack Ü;0;NA;NA;NA;NA;NA;NA;NA;NA
2016;Mumford & Sons;1;visuales;Estáticas;casual;Sin baile;Sí;No;No;https://youtu.be/-SGnzq0togs?si=OiAyShTdWCvGaoML
2016;Mumford & Sons;4;visuales;Intermitentes;casual;Expresión corporal;Sí;No;No;https://youtu.be/-SGnzq0togs?si=OiAyShTdWCvGaoML
2016;Mumford & Sons;5;vacia;Intermitentes;casual;Sin baile;No;Sí;No;https://youtu.be/-SGnzq0togs?si=OiAyShTdWCvGaoML
2016;Mumford & Sons;30;vacia;Intermitentes;casual;Expresión corporal;Sí;No;No;https://youtu.be/-SGnzq0togs?si=OiAyShTdWCvGaoML
2016;Mumford & Sons;32;vacia;Intermitentes;casual;Sin baile;No;Sí;No;https://youtu.be/-SGnzq0togs?si=OiAyShTdWCvGaoML
2016;Mumford & Sons;39;vacia;Intermitentes;casual;Sin baile;Sí;No;No;https://youtu.be/-SGnzq0togs?si=OiAyShTdWCvGaoML
2016;Mumford & Sons;45;vacia;Estáticas;casual;Sin baile;No;Sí;No;https://youtu.be/-SGnzq0togs?si=OiAyShTdWCvGaoML
2016;Mumford & Sons;67;vacia;Estáticas;casual;Sin baile;No;Sí;No;https://youtu.be/-SGnzq0togs?si=OiAyShTdWCvGaoML
2016;Mumford & Sons;75;vacia;Intermitentes;casual;Sin baile;Sí;Sí;No;https://youtu.be/-SGnzq0togs?si=OiAyShTdWCvGaoML
2016;Mumford & Sons;77;visuales;Intermitentes;casual;Sin baile;No;Sí;No;https://youtu.be/-SGnzq0togs?si=OiAyShTdWCvGaoML
2017;Metallica;1;streaming;Intermitentes;casual;Sin baile;Sí;No;No;https://youtu.be/8ijJgQ5DI9E?si=6H93yy2uGcrPfF5g 
2017;Metallica;3;streaming;Intermitentes;casual;Sin baile;Sí;Sí;No;https://youtu.be/8ijJgQ5DI9E?si=6H93yy2uGcrPfF5g 
2017;Metallica;9;streaming;Intermitentes;casual;Sin baile;Sí;Sí;No;https://youtu.be/8ijJgQ5DI9E?si=6H93yy2uGcrPfF5g 
2017;Metallica;59;streaming;Intermitentes;casual;Sin baile;Sí;No;No;https://youtu.be/8ijJgQ5DI9E?si=6H93yy2uGcrPfF5g 
2017;Metallica;62;streaming;Intermitentes;casual;Sin baile;Sí;Sí;No;https://youtu.be/8ijJgQ5DI9E?si=6H93yy2uGcrPfF5g 
2017;Metallica;64;vacia;Estáticas;casual;Sin baile;No;Sí;No;https://youtu.be/8ijJgQ5DI9E?si=6H93yy2uGcrPfF5g 
2017;Metallica;121;streaming;Intermitentes;casual;Sin baile;Sí;No;No;https://youtu.be/8ijJgQ5DI9E?si=6H93yy2uGcrPfF5g 
2017;Metallica;123;streaming;Intermitentes;casual;Sin baile;Sí;Sí;No;https://youtu.be/8ijJgQ5DI9E?si=6H93yy2uGcrPfF5g 
2017;Metallica;129;streaming;Estáticas;casual;Sin baile;No;Sí;No;https://youtu.be/8ijJgQ5DI9E?si=6H93yy2uGcrPfF5g 
2017;The Strokes;0;vacia;Apagadas;vacia;Sin baile;No;Sí;No;https://youtu.be/IU8V5T-5VXE?si=p4Oar97t3fx5S7TB 
2017;The Strokes;7;visuales;Intermitentes;casual;Sin baile;No;Sí;No;https://youtu.be/IU8V5T-5VXE?si=p4Oar97t3fx5S7TB 
2017;The Strokes;9;visuales;Intermitentes;casual;Sin baile;Sí;No;No;https://youtu.be/IU8V5T-5VXE?si=p4Oar97t3fx5S7TB 
2017;The Strokes;35;visuales;Intermitentes;casual;Sin baile;Sí;No;No;https://youtu.be/IU8V5T-5VXE?si=p4Oar97t3fx5S7TB 
2017;The Strokes;42;vacia;Apagadas;vacia;Sin baile;Sí;Sí;No;https://youtu.be/IU8V5T-5VXE?si=p4Oar97t3fx5S7TB 
2017;The Strokes;46;visuales;Estáticas;casual;Sin baile;Sí;No;No;https://youtu.be/IU8V5T-5VXE?si=p4Oar97t3fx5S7TB 
2017;The Strokes;50;vacia;Estáticas;casual;Sin baile;No;Sí;No;https://youtu.be/IU8V5T-5VXE?si=p4Oar97t3fx5S7TB 
2017;The Strokes;79;vacia;Apagadas;casual;Sin baile;No;Sí;No;https://youtu.be/IU8V5T-5VXE?si=p4Oar97t3fx5S7TB 
2017;The Strokes;82;visuales;Intermitentes;casual;Sin baile;Sí;No;No;https://youtu.be/IU8V5T-5VXE?si=p4Oar97t3fx5S7TB 
2017;The Strokes;83;visuales;Intermitentes;casual;Sin baile;Sí;Sí;No;https://youtu.be/IU8V5T-5VXE?si=p4Oar97t3fx5S7TB 
2017;The XX;1;vacia;Intermitentes;casual;Sin baile;Sí;No;No;https://youtu.be/fPI1alRIrvQ?si=dXnjNHNGTYZ7_BjO
2017;The XX;3;vacia;Intermitentes;casual;Sin baile;Sí;No;No;https://youtu.be/fPI1alRIrvQ?si=dXnjNHNGTYZ7_BjO
2017;The XX;7;vacia;Intermitentes;casual;Sin baile;Sí;No;No;https://youtu.be/fPI1alRIrvQ?si=dXnjNHNGTYZ7_BjO
2017;The XX;9;vacia;Intermitentes;casual;Sin baile;No;Sí;No;https://youtu.be/fPI1alRIrvQ?si=dXnjNHNGTYZ7_BjO
2017;The XX;11;vacia;Intermitentes;casual;Sin baile;Sí;No;No;https://youtu.be/fPI1alRIrvQ?si=dXnjNHNGTYZ7_BjO
2017;The XX;0;vacia;Intermitentes;casual;Sin baile;Sí;No;No;https://youtu.be/a0UagW0n15g?si=mthUkxd-PdJhh5tI
2017;The XX;0;vacia;Intermitentes;casual;Sin baile;Sí;No;No;https://youtu.be/xMNUTGCLRv0?si=Hpjc_o5fKj6z-nBw
2017;The XX;2;vacia;Intermitentes;casual;Expresión corporal;Sí;No;No;https://youtu.be/xMNUTGCLRv0?si=Hpjc_o5fKj6z-nBw
2017;The XX;2;vacia;Intermitentes;casual;Expresión corporal;Sí;No;No;https://youtu.be/xMNUTGCLRv0?si=Hpjc_o5fKj6z-nBw
2017;The Weeknd;1;visuales;Intermitentes;casual;Sin baile;Sí;Sí;No;https://youtu.be/rUzD-5l1ytU?si=spTG2CPkNW05WnNB 
2017;The Weeknd;6;visuales;Intermitentes;casual;Sin baile;Sí;Sí;No;https://youtu.be/rUzD-5l1ytU?si=spTG2CPkNW05WnNB 
2017;The Weeknd;9;visuales;Intermitentes;casual;Sin baile;Sí;No;No;https://youtu.be/rUzD-5l1ytU?si=spTG2CPkNW05WnNB 
2017;The Weeknd;29;visuales;Intermitentes;casual;Expresión corporal;Sí;Sí;No;https://youtu.be/rUzD-5l1ytU?si=spTG2CPkNW05WnNB 
2017;The Weeknd;32;visuales;Intermitentes;casual;Sin baile;Sí;Sí;No;https://youtu.be/rUzD-5l1ytU?si=spTG2CPkNW05WnNB 
2017;The Weeknd;35;vacia;Intermitentes;casual;Sin baile;Sí;No;No;https://youtu.be/rUzD-5l1ytU?si=spTG2CPkNW05WnNB 
2017;The Weeknd;44;vacia;Estáticas;casual;Sin baile;Sí;No;No;https://youtu.be/rUzD-5l1ytU?si=spTG2CPkNW05WnNB 
2017;The Weeknd;45;vacia;Intermitentes;casual;Sin baile;Sí;Sí;No;https://youtu.be/rUzD-5l1ytU?si=spTG2CPkNW05WnNB 
2017;The Weeknd;65;visuales;Intermitentes;casual;Expresión corporal;Sí;No;No;https://youtu.be/rUzD-5l1ytU?si=spTG2CPkNW05WnNB 
2017;The Weeknd;70;vacia;Intermitentes;casual;Sin baile;Sí;Sí;No;https://youtu.be/rUzD-5l1ytU?si=spTG2CPkNW05WnNB 
2017;The Weeknd;73;visuales;Intermitentes;casual;Expresión corporal;Sí;Sí;No;https://youtu.be/rUzD-5l1ytU?si=spTG2CPkNW05WnNB 
2018;Pearl Jam;1;vacia;Estáticas;casual;Sin baile;Sí;Sí;No;https://youtu.be/ADHBHsXzhrE?si=mYl3CaxvoerVp38I
2018;Pearl Jam;2;vacia;Estáticas;casual;Sin baile;Sí;Sí;No;https://youtu.be/ADHBHsXzhrE?si=mYl3CaxvoerVp38I
2018;Pearl Jam;4;vacia;Estáticas;casual;Sin baile;Sí;Sí;No;https://youtu.be/ADHBHsXzhrE?si=mYl3CaxvoerVp38I
2018;Pearl Jam;21;vacia;Intermitentes;casual;Sin baile;Sí;No;No;https://youtu.be/ADHBHsXzhrE?si=mYl3CaxvoerVp38I
2018;Pearl Jam;26;vacia;Estáticas;casual;Sin baile;Sí;No;No;https://youtu.be/ADHBHsXzhrE?si=mYl3CaxvoerVp38I
2018;Pearl Jam;29;vacia;Intermitentes;casual;Expresión corporal;Sí;No;No;https://youtu.be/ADHBHsXzhrE?si=mYl3CaxvoerVp38I
2018;Pearl Jam;29;vacia;Estáticas;casual;Sin baile;Sí;Sí;No;https://youtu.be/ADHBHsXzhrE?si=mYl3CaxvoerVp38I
2018;Pearl Jam;38;vacia;Estáticas;casual;Sin baile;Sí;Sí;No;https://youtu.be/ADHBHsXzhrE?si=mYl3CaxvoerVp38I
2018;Pearl Jam;43;vacia;Estáticas;casual;Sin baile;Sí;Sí;No;https://youtu.be/ADHBHsXzhrE?si=mYl3CaxvoerVp38I
2018;Red Hot Chili Peppers;1;streaming;Estáticas;casual;Sin baile;Sí;No;No;https://youtu.be/c_Hjvw0PUa8?si=dbbMhZx1SEb5mF3x 
2018;Red Hot Chili Peppers;3;streaming;Estáticas;casual;Sin baile;Sí;No;No;https://youtu.be/c_Hjvw0PUa8?si=dbbMhZx1SEb5mF3x 
2018;Red Hot Chili Peppers;7;vacia;Estáticas;casual;Sin baile;Sí;Sí;No;https://youtu.be/c_Hjvw0PUa8?si=dbbMhZx1SEb5mF3x 
2018;Red Hot Chili Peppers;38;streaming;Estáticas;casual;Sin baile;Sí;No;No;https://youtu.be/c_Hjvw0PUa8?si=dbbMhZx1SEb5mF3x 
2018;Red Hot Chili Peppers;42;streaming;Estáticas;casual;Sin baile;Sí;No;No;https://youtu.be/c_Hjvw0PUa8?si=dbbMhZx1SEb5mF3x 
2018;Red Hot Chili Peppers;48;streaming;Estáticas;casual;Sin baile;Sí;Sí;No;https://youtu.be/c_Hjvw0PUa8?si=dbbMhZx1SEb5mF3x 
2018;Red Hot Chili Peppers;50;streaming;Estáticas;casual;Sin baile;Sí;No;No;https://youtu.be/c_Hjvw0PUa8?si=dbbMhZx1SEb5mF3x 
2018;Red Hot Chili Peppers;53;streaming;Estáticas;casual;Expresión corporal;Sí;No;No;https://youtu.be/c_Hjvw0PUa8?si=dbbMhZx1SEb5mF3x 
2018;Red Hot Chili Peppers;87;streaming;Estáticas;casual;Expresión corporal;Sí;No;No;https://youtu.be/c_Hjvw0PUa8?si=dbbMhZx1SEb5mF3x 
2018;Red Hot Chili Peppers;89;vacia;Estáticas;casual;Expresión corporal;Sí;No;No;https://youtu.be/c_Hjvw0PUa8?si=dbbMhZx1SEb5mF3x 
2018;Red Hot Chili Peppers;94;vacia;Estáticas;casual;Sin baile;Sí;Sí;No;https://youtu.be/c_Hjvw0PUa8?si=dbbMhZx1SEb5mF3x 
2018;Chance the Rapper;1;vacia;Intermitentes;casual;Expresión corporal;Sí;No;No;https://youtu.be/gQLOwsKuEhE?si=xYgLIfe2eFV-PUGR 
2018;Chance the Rapper;2;vacia;Estáticas;casual;Sin baile;Sí;No;No;https://youtu.be/gQLOwsKuEhE?si=xYgLIfe2eFV-PUGR 
2018;Chance the Rapper;5;vacia;Estáticas;casual;Sin baile;Sí;Sí;No;https://youtu.be/gQLOwsKuEhE?si=xYgLIfe2eFV-PUGR 
2018;Chance the Rapper;8;vacia;Estáticas;casual;Sin baile;No;Sí;No;https://youtu.be/gQLOwsKuEhE?si=xYgLIfe2eFV-PUGR 
2018;Chance the Rapper;15;vacia;Estáticas;casual;Sin baile;No;Sí;No;https://youtu.be/gQLOwsKuEhE?si=xYgLIfe2eFV-PUGR 
2018;Chance the Rapper;19;vacia;Intermitentes;casual;Expresión corporal;Sí;No;No;https://youtu.be/gQLOwsKuEhE?si=xYgLIfe2eFV-PUGR 
2018;Chance the Rapper;24;vacia;Estáticas;casual;Sin baile;Sí;Sí;No;https://youtu.be/gQLOwsKuEhE?si=xYgLIfe2eFV-PUGR 
2018;Chance the Rapper;32;vacia;Intermitentes;casual;Sin baile;Sí;No;No;https://youtu.be/gQLOwsKuEhE?si=xYgLIfe2eFV-PUGR 
2018;Chance the Rapper;35;vacia;Intermitentes;casual;Sin baile;Sí;Sí;No;https://youtu.be/gQLOwsKuEhE?si=xYgLIfe2eFV-PUGR 
2018;The Killers;1;visuales;Intermitentes;formal;Expresión corporal;Sí;No;Sí;https://youtu.be/mDYUVslxlJM?si=ZMLYpg8gXuzYNK5h
2018;The Killers;4;vacia;Intermitentes;formal;Sin baile;No;Sí;No;https://youtu.be/mDYUVslxlJM?si=ZMLYpg8gXuzYNK5h
2018;The Killers;7;streaming;Estáticas;formal;Sin baile;Sí;No;Sí;https://youtu.be/mDYUVslxlJM?si=ZMLYpg8gXuzYNK5h
2018;The Killers;40;streaming;Intermitentes;formal;Sin baile;Sí;Sí;Sí;https://youtu.be/mDYUVslxlJM?si=ZMLYpg8gXuzYNK5h
2018;The Killers;44;visuales;Estáticas;formal;Sin baile;Sí;No;Sí;https://youtu.be/mDYUVslxlJM?si=ZMLYpg8gXuzYNK5h
2019;The Killers;47;visuales;Estáticas;formal;Sin baile;No;No;No;https://youtu.be/mDYUVslxlJM?si=ZMLYpg8gXuzYNK5h
2018;The Killers;50;visuales;Intermitentes;formal;Sin baile;Sí;No;Sí;https://youtu.be/mDYUVslxlJM?si=ZMLYpg8gXuzYNK5h
2018;The Killers;56;visuales;Estáticas;formal;Sin baile;Sí;No;Sí;https://youtu.be/mDYUVslxlJM?si=ZMLYpg8gXuzYNK5h
2018;The Killers;58;vacia;Estáticas;formal;Sin baile;Sí;Sí;Sí;https://youtu.be/mDYUVslxlJM?si=ZMLYpg8gXuzYNK5h
2019;The Killers;91;visuales;Intermitentes;formal;Expresión corporal;Sí;No;Sí;https://youtu.be/mDYUVslxlJM?si=ZMLYpg8gXuzYNK5h
2018;The Killers;96;vacia;Intermitentes;formal;Sin baile;Sí;No;Sí;https://youtu.be/mDYUVslxlJM?si=ZMLYpg8gXuzYNK5h
2018;The Killers;99;vacia;Intermitentes;casual;Sin baile;No;Sí;Sí;https://youtu.be/mDYUVslxlJM?si=ZMLYpg8gXuzYNK5h
2018;LCD Soundsystem;1;vacia;Intermitentes;casual;Sin baile;Sí;No;Sí;https://youtu.be/SHS55V_A84U?si=ymY7VNkx6IJL0cgo
2018;LCD Soundsystem;6;vacia;Intermitentes;casual;Sin baile;Sí;Sí;Sí;https://youtu.be/SHS55V_A84U?si=ymY7VNkx6IJL0cgo
2018;LCD Soundsystem;9;vacia;Estáticas;casual;Expresión corporal;Sí;No;Sí;https://youtu.be/SHS55V_A84U?si=ymY7VNkx6IJL0cgo
2018;LCD Soundsystem;38;vacia;Intermitentes;casual;Sin baile;Sí;No;Sí;https://youtu.be/SHS55V_A84U?si=ymY7VNkx6IJL0cgo
2018;LCD Soundsystem;42;vacia;Intermitentes;casual;Sin baile;Sí;No;Sí;https://youtu.be/SHS55V_A84U?si=ymY7VNkx6IJL0cgo
2018;LCD Soundsystem;45;vacia;Intermitentes;casual;Expresión corporal;Sí;No;Sí;https://youtu.be/SHS55V_A84U?si=ymY7VNkx6IJL0cgo
2018;LCD Soundsystem;46;visuales;Estáticas;casual;Sin baile;Sí;No;Sí;https://youtu.be/SHS55V_A84U?si=ymY7VNkx6IJL0cgo
2018;LCD Soundsystem;52;vacia;Estáticas;casual;Sin baile;Sí;No;Sí;https://youtu.be/SHS55V_A84U?si=ymY7VNkx6IJL0cgo
2018;LCD Soundsystem;77;vacia;Intermitentes;casual;Expresión corporal;Sí;Sí;Sí;https://youtu.be/SHS55V_A84U?si=ymY7VNkx6IJL0cgo
2018;LCD Soundsystem;83;vacia;Intermitentes;formal;Sin baile;Sí;No;Sí;https://youtu.be/SHS55V_A84U?si=ymY7VNkx6IJL0cgo
2018;LCD Soundsystem;86;vacia;Intermitentes;casual;Sin baile;Sí;Sí;Sí;https://youtu.be/SHS55V_A84U?si=ymY7VNkx6IJL0cgo
2018;Imagine Dragons;1;visuales;Intermitentes;casual;Sin baile;Sí;No;No;https://youtu.be/Lkd07qvgpkI?si=1qfe2cUTHOEVVoKh
2018;Imagine Dragons;3;visuales;Intermitentes;casual;Expresión corporal;Sí;Sí;No;https://youtu.be/Lkd07qvgpkI?si=1qfe2cUTHOEVVoKh
2018;Imagine Dragons;7;visuales;Intermitentes;casual;Sin baile;Sí;Sí;No;https://youtu.be/Lkd07qvgpkI?si=1qfe2cUTHOEVVoKh
2018;Imagine Dragons;36;visuales;Intermitentes;vacia;Sin baile;No;No;No;https://youtu.be/Lkd07qvgpkI?si=1qfe2cUTHOEVVoKh
2018;Imagine Dragons;40;visuales;Intermitentes;casual;Expresión corporal;Sí;Sí;No;https://youtu.be/Lkd07qvgpkI?si=1qfe2cUTHOEVVoKh
2018;Imagine Dragons;43;vacia;Intermitentes;casual;Sin baile;No;Sí;No;https://youtu.be/Lkd07qvgpkI?si=1qfe2cUTHOEVVoKh
2018;Imagine Dragons;48;vacia;Estáticas;casual;Sin baile;No;Sí;No;https://youtu.be/Lkd07qvgpkI?si=1qfe2cUTHOEVVoKh
2018;Imagine Dragons;51;visuales;Intermitentes;casual;Sin baile;Sí;No;No;https://youtu.be/Lkd07qvgpkI?si=1qfe2cUTHOEVVoKh
2018;Imagine Dragons;53;vacia;Estáticas;casual;Sin baile;No;Sí;No;https://youtu.be/Lkd07qvgpkI?si=1qfe2cUTHOEVVoKh
2018;Imagine Dragons;78;vacia;Intermitentes;casual;Expresión corporal;Sí;Sí;No;https://youtu.be/Lkd07qvgpkI?si=1qfe2cUTHOEVVoKh
2018;Imagine Dragons;83;vacia;Estáticas;casual;Sin baile;Sí;Sí;No;https://youtu.be/Lkd07qvgpkI?si=1qfe2cUTHOEVVoKh
2018;Imagine Dragons;84;vacia;Estáticas;casual;Sin baile;Sí;No;No;https://youtu.be/Lkd07qvgpkI?si=1qfe2cUTHOEVVoKh
2018;Lana del Rey;2;visuales;Estáticas;casual;Sin baile;Sí;Sí;Sí;https://youtu.be/QXlaX0vCO68?si=0hnsInMhBKFeqa6s
2018;Lana del Rey;7;streaming;Intermitentes;casual;Coreografía;Sí;No;Sí;https://youtu.be/QXlaX0vCO68?si=0hnsInMhBKFeqa6s
2018;Lana del Rey;9;visuales;Estáticas;casual;Sin baile;Sí;No;Sí;https://youtu.be/QXlaX0vCO68?si=0hnsInMhBKFeqa6s
2018;Lana del Rey;22;visuales;Estáticas;casual;Sin baile;No;Sí;Sí;https://youtu.be/QXlaX0vCO68?si=0hnsInMhBKFeqa6s
2018;Lana del Rey;24;streaming;Estáticas;casual;Sin baile;Sí;Sí;Sí;https://youtu.be/QXlaX0vCO68?si=0hnsInMhBKFeqa6s
2018;Lana del Rey;29;visuales;Estáticas;casual;Expresión corporal;Sí;Sí;Sí;https://youtu.be/QXlaX0vCO68?si=0hnsInMhBKFeqa6s
2018;Lana del Rey;30;visuales;Estáticas;casual;Sin baile;No;Sí;Sí;https://youtu.be/QXlaX0vCO68?si=0hnsInMhBKFeqa6s
2018;Lana del Rey;37;visuales;Estáticas;casual;Coreografía;Sí;No;Sí;https://youtu.be/QXlaX0vCO68?si=0hnsInMhBKFeqa6s
2018;Lana del Rey;40;visuales;Estáticas;casual;Sin baile;No;Sí;Sí;https://youtu.be/QXlaX0vCO68?si=0hnsInMhBKFeqa6s
2018;Lana del Rey;55;visuales;Estáticas;casual;Expresión corporal;Sí;Sí;Sí;https://youtu.be/QXlaX0vCO68?si=0hnsInMhBKFeqa6s
2018;Lana del Rey;59;visuales;Estáticas;casual;Coreografía;Sí;No;Sí;https://youtu.be/QXlaX0vCO68?si=0hnsInMhBKFeqa6s
2018;Lana del Rey;63;visuales;Intermitentes;casual;Sin baile;Sí;Sí;Sí;https://youtu.be/QXlaX0vCO68?si=0hnsInMhBKFeqa6s
2019;Kendrick Lamar;0;NA;NA;NA;NA;NA;NA;NA;NA
2019;Twenty One Pilots;2;vacia;Intermitentes;casual;Sin baile;No;Sí;Sí;https://www.youtube.com/live/uNBsV0uZ-_c?si=NPbe3eTtkX_-EXuL
2019;Twenty One Pilots;3;vacia;Intermitentes;casual;Sin baile;Sí;Sí;Sí;https://www.youtube.com/live/uNBsV0uZ-_c?si=NPbe3eTtkX_-EXuL
2019;Twenty One Pilots;9;vacia;Estáticas;casual;Sin baile;Sí;No;Sí;https://www.youtube.com/live/uNBsV0uZ-_c?si=NPbe3eTtkX_-EXuL
2019;Twenty One Pilots;33;vacia;Intermitentes;casual;Expresión corporal;No;No;Sí;https://www.youtube.com/live/uNBsV0uZ-_c?si=NPbe3eTtkX_-EXuL
2019;Twenty One Pilots;36;vacia;Intermitentes;casual;Sin baile;Sí;No;Sí;https://www.youtube.com/live/uNBsV0uZ-_c?si=NPbe3eTtkX_-EXuL
2019;Twenty One Pilots;38;vacia;Estáticas;casual;Sin baile;No;Sí;Sí;https://www.youtube.com/live/uNBsV0uZ-_c?si=NPbe3eTtkX_-EXuL
2019;Twenty One Pilots;43;logo;Estáticas;casual;Sin baile;Sí;Sí;Sí;https://www.youtube.com/live/uNBsV0uZ-_c?si=NPbe3eTtkX_-EXuL
2019;Twenty One Pilots;45;visuales;Estáticas;casual;Expresión corporal;Sí;No;Sí;https://www.youtube.com/live/uNBsV0uZ-_c?si=NPbe3eTtkX_-EXuL
2019;Twenty One Pilots;48;streaming;Estáticas;casual;Sin baile;No;Sí;Sí;https://www.youtube.com/live/uNBsV0uZ-_c?si=NPbe3eTtkX_-EXuL
2019;Twenty One Pilots;77;vacia;Estáticas;casual;Sin baile;Sí;Sí;Sí;https://www.youtube.com/live/uNBsV0uZ-_c?si=NPbe3eTtkX_-EXuL
2019;Twenty One Pilots;79;visuales;Estáticas;casual;Sin baile;Sí;Sí;Sí;https://www.youtube.com/live/uNBsV0uZ-_c?si=NPbe3eTtkX_-EXuL
2019;Twenty One Pilots;82;visuales;Estáticas;casual;Sin baile;Sí;Sí;No;https://www.youtube.com/live/uNBsV0uZ-_c?si=NPbe3eTtkX_-EXuL
2019;Arctic Monkeys;0;vacia;Intermitentes;formal;Sin baile;Sí;No;No;https://youtu.be/DAZiwLmgAgc?si=4DFiJwBUgx_clIA9
2019;Arctic Monkeys;5;vacia;Intermitentes;formal;Sin baile;No;Sí;No;https://youtu.be/DAZiwLmgAgc?si=4DFiJwBUgx_clIA10
2019;Arctic Monkeys;8;vacia;Intermitentes;formal;Sin baile;Sí;No;No;https://youtu.be/DAZiwLmgAgc?si=4DFiJwBUgx_clIA11
2019;Arctic Monkeys;40;vacia;Estáticas;formal;Sin baile;Sí;No;No;https://youtu.be/DAZiwLmgAgc?si=4DFiJwBUgx_clIA13
2019;Arctic Monkeys;46;visuales;Estáticas;formal;Sin baile;Sí;No;No;https://youtu.be/DAZiwLmgAgc?si=4DFiJwBUgx_clIA14
2019;Arctic Monkeys;50;visuales;Intermitentes;formal;Expresión corporal;Sí;No;No;https://youtu.be/DAZiwLmgAgc?si=4DFiJwBUgx_clIA15
2019;Arctic Monkeys;54;visuales;Intermitentes;formal;Sin baile;Sí;No;No;https://youtu.be/DAZiwLmgAgc?si=4DFiJwBUgx_clIA16
2019;Arctic Monkeys;88;logo;Intermitentes;formal;Sin baile;Sí;No;No;https://youtu.be/DAZiwLmgAgc?si=4DFiJwBUgx_clIA17
2019;Arctic Monkeys;91;logo;Estáticas;formal;Sin baile;No;Sí;No;https://youtu.be/DAZiwLmgAgc?si=4DFiJwBUgx_clIA18
2019;Arctic Monkeys;96;logo;Intermitentes;formal;Sin baile;Sí;Sí;No;https://youtu.be/DAZiwLmgAgc?si=4DFiJwBUgx_clIA19
2019;Lenny Kravitz;2;vacia;Intermitentes;casual;Expresión corporal;Sí;Sí;No;https://youtu.be/vNbHUyHZid8?si=w6KC-p6nTQ5Ph0zy
2019;Lenny Kravitz;8;vacia;Intermitentes;casual;Sin baile;No;Sí;No;https://youtu.be/vNbHUyHZid8?si=w6KC-p6nTQ5Ph0zy
2019;Lenny Kravitz;8;vacia;Intermitentes;casual;Sin baile;Sí;No;No;https://youtu.be/vNbHUyHZid8?si=w6KC-p6nTQ5Ph0zy
2019;Lenny Kravitz;27;vacia;Intermitentes;casual;Sin baile;Sí;No;No;https://youtu.be/vNbHUyHZid8?si=w6KC-p6nTQ5Ph0zy
2019;Lenny Kravitz;30;vacia;Intermitentes;casual;Sin baile;Sí;No;No;https://youtu.be/vNbHUyHZid8?si=w6KC-p6nTQ5Ph0zy
2019;Lenny Kravitz;37;vacia;Intermitentes;casual;Expresión corporal;Sí;No;No;https://youtu.be/vNbHUyHZid8?si=w6KC-p6nTQ5Ph0zy
2019;Lenny Kravitz;39;vacia;Intermitentes;casual;Sin baile;No;Sí;No;https://youtu.be/vNbHUyHZid8?si=w6KC-p6nTQ5Ph0zy
2019;Lenny Kravitz;43;vacia;Intermitentes;casual;Sin baile;No;Sí;No;https://youtu.be/vNbHUyHZid8?si=w6KC-p6nTQ5Ph0zy
2019;Lenny Kravitz;64;vacia;Intermitentes;casual;Expresión corporal;Sí;No;No;https://youtu.be/vNbHUyHZid8?si=w6KC-p6nTQ5Ph0zy
2019;Lenny Kravitz;68;vacia;Intermitentes;casual;Sin baile;Sí;Sí;No;https://youtu.be/vNbHUyHZid8?si=w6KC-p6nTQ5Ph0zy
2019;Lenny Kravitz;69;vacia;Intermitentes;casual;Sin baile;Sí;Sí;No;https://youtu.be/vNbHUyHZid8?si=w6KC-p6nTQ5Ph0zy
2019;Post Malone;1;vacia;Intermitentes;teatral;Sin baile;No;No;No;https://youtu.be/i4uR6g4Ldu8?si=Ysrn15A5ik_5Bmsj 
2019;Post Malone;4;vacia;Estáticas;teatral;Sin baile;No;No;No;https://youtu.be/i4uR6g4Ldu8?si=Ysrn15A5ik_5Bmsj 
2019;Post Malone;5;vacia;Estáticas;teatral;Sin baile;No;No;No;https://youtu.be/i4uR6g4Ldu8?si=Ysrn15A5ik_5Bmsj 
2019;Post Malone;33;streaming;Estáticas;teatral;Sin baile;No;Sí;No;https://youtu.be/i4uR6g4Ldu8?si=Ysrn15A5ik_5Bmsj 
2019;Post Malone;37;visuales;Estáticas;teatral;Sin baile;No;No;No;https://youtu.be/i4uR6g4Ldu8?si=Ysrn15A5ik_5Bmsj 
2019;Post Malone;42;vacia;Estáticas;teatral;Sin baile;No;Sí;No;https://youtu.be/i4uR6g4Ldu8?si=Ysrn15A5ik_5Bmsj 
2019;Post Malone;45;vacia;Intermitentes;teatral;Sin baile;No;Sí;No;https://youtu.be/i4uR6g4Ldu8?si=Ysrn15A5ik_5Bmsj 
2019;Post Malone;53;vacia;Intermitentes;teatral;Sin baile;No;Sí;No;https://youtu.be/i4uR6g4Ldu8?si=Ysrn15A5ik_5Bmsj 
2019;Post Malone;56;vacia;Intermitentes;teatral;Sin baile;No;No;No;https://youtu.be/i4uR6g4Ldu8?si=Ysrn15A5ik_5Bmsj 
2019;Post Malone;60;vacia;Estáticas;teatral;Sin baile;No;Sí;No;https://youtu.be/i4uR6g4Ldu8?si=Ysrn15A5ik_5Bmsj 
2019;Post Malone;62;streaming;Estáticas;teatral;Sin baile;No;No  ;No;https://youtu.be/i4uR6g4Ldu8?si=Ysrn15A5ik_5Bmsj 
2019;Sam Smith;1;visuales;Estáticas;casual;Sin baile;Sí;Sí;No;https://youtu.be/FnwiIyef-KI?si=xrgWP-4y2jJEsUUI 
2019;Sam Smith;6;visuales;Intermitentes;casual;Sin baile;Sí;Sí;No;https://youtu.be/FnwiIyef-KI?si=xrgWP-4y2jJEsUUI 
2019;Sam Smith;8;visuales;Intermitentes;casual;Sin baile;Sí;Sí;No;https://youtu.be/FnwiIyef-KI?si=xrgWP-4y2jJEsUUI 
2019;Sam Smith;37;visuales;Estáticas;casual;Coreografía;Sí;No;No;https://youtu.be/FnwiIyef-KI?si=xrgWP-4y2jJEsUUI 
2019;Sam Smith;37;visuales;Estáticas;casual;Sin baile;Sí;Sí;No;https://youtu.be/FnwiIyef-KI?si=xrgWP-4y2jJEsUUI 
2019;Sam Smith;39;visuales;Estáticas;casual;Sin baile;Sí;Sí;No;https://youtu.be/FnwiIyef-KI?si=xrgWP-4y2jJEsUUI 
2019;Sam Smith;45;visuales;Estáticas;casual;Sin baile;Sí;No;No;https://youtu.be/FnwiIyef-KI?si=xrgWP-4y2jJEsUUI 
2019;Sam Smith;50;visuales;Intermitentes;casual;Sin baile;Sí;Sí;No;https://youtu.be/FnwiIyef-KI?si=xrgWP-4y2jJEsUUI 
2019;Sam Smith;78;visuales;Intermitentes;casual;Sin baile;Sí;Sí;No;https://youtu.be/FnwiIyef-KI?si=xrgWP-4y2jJEsUUI 
2019;Sam Smith;82;visuales;Intermitentes;casual;Sin baile;Sí;No;No;https://youtu.be/FnwiIyef-KI?si=xrgWP-4y2jJEsUUI 
2019;Sam Smith;83;visuales;Intermitentes;casual;Sin baile;Sí;Sí;No;https://youtu.be/FnwiIyef-KI?si=xrgWP-4y2jJEsUUI 
2019;Tiësto;0;visuales;Estáticas;casual;Expresión corporal;No;Sí;No;https://youtu.be/6EhL3EWWQPY?si=TPayFw-FV2JV53XG
2019;Tiësto;4;logo;Estáticas;casual;Expresión corporal;No;Sí;No;https://youtu.be/6EhL3EWWQPY?si=TPayFw-FV2JV53XG
2019;Tiësto;8;logo;Intermitentes;casual;Sin baile;No;No;No;https://youtu.be/6EhL3EWWQPY?si=TPayFw-FV2JV53XG
2019;Tiësto;20;visuales;Intermitentes;casual;Expresión corporal;No;No;No;https://youtu.be/6EhL3EWWQPY?si=TPayFw-FV2JV53XG
2019;Tiësto;26;visuales;Intermitentes;casual;Sin baile;No;No;No;https://youtu.be/6EhL3EWWQPY?si=TPayFw-FV2JV53XG
2019;Tiësto;32;visuales;Intermitentes;casual;Expresión corporal;No;No;No;https://youtu.be/6EhL3EWWQPY?si=TPayFw-FV2JV53XG
2019;Tiësto;33;visuales;Intermitentes;casual;Sin baile;No;Sí;No;https://youtu.be/6EhL3EWWQPY?si=TPayFw-FV2JV53XG
2019;Tiësto;35;visuales;Intermitentes;casual;Sin baile;No;Sí;No;https://youtu.be/6EhL3EWWQPY?si=TPayFw-FV2JV53XG
2019;Tiësto;50;visuales;Estáticas;casual;Sin baile;No;Sí;No;https://youtu.be/6EhL3EWWQPY?si=TPayFw-FV2JV53XG
2019;Tiësto;51;streaming;Estáticas;casual;Sin baile;No;Sí;No;https://youtu.be/6EhL3EWWQPY?si=TPayFw-FV2JV53XG
2019;Tiësto;58;streaming;Intermitentes;casual;Expresión corporal;No;Sí;No;https://youtu.be/6EhL3EWWQPY?si=TPayFw-FV2JV53XG
2022;Foo Fighters ;1;vacia;Estáticas;casual;Sin baile;No;Sí;No;https://youtu.be/MhEW7Qb_DXc
2022;Foo Fighters;4;vacia;Intermitentes;casual;Sin baile;Sí;No;No;https://youtu.be/MhEW7Qb_DXc
2022;Foo Fighters;6;streaming;Intermitentes;casual;Sin baile;Sí;Sí;No;https://youtu.be/MhEW7Qb_DXc
2022;Foo Fighters ;66;streaming;Estáticas;casual;Sin baile;Sí;Sí;No;https://youtu.be/MhEW7Qb_DXc
2022;Foo Fighters ;71;streaming;Estáticas;casual;Sin baile;Sí;Sí;No;https://youtu.be/MhEW7Qb_DXc
2022;Foo Fighters ;82;streaming;Intermitentes;casual;Sin baile;Sí;No;No;https://youtu.be/MhEW7Qb_DXc
2022;Foo Fighters ;126;streaming;Estáticas;casual;Sin baile;Sí;Sí;No;https://youtu.be/MhEW7Qb_DXc
2022;Foo Fighters;131;streaming;Intermitentes;casual;Sin baile;Sí;No;No;https://youtu.be/MhEW7Qb_DXc
2022;Foo Fighters ;133;streaming;Estáticas;casual;Sin baile;Sí;Sí;No;https://youtu.be/MhEW7Qb_DXc
2022;Martin Garrix;0;visuales;Intermitentes;casual;Sin baile;No;Sí;No;https://youtu.be/z8JJ0isjCWo
2022;Martin Garrix;4;visuales;Intermitentes;casual;Expresión corporal;No;Sí;No;https://youtu.be/z8JJ0isjCWo
2022;Martin Garrix;8;vacia;Intermitentes;casual;Sin baile;No;Sí;No;https://youtu.be/z8JJ0isjCWo
2022;Martin Garrix;39;visuales;Intermitentes;casual;Sin baile;No;Sí;Sí;https://youtu.be/uXOek8kaVhU
2022;Martin Garrix;40;visuales;Intermitentes;casual;Sin baile;No;No;Sí;https://youtu.be/uXOek8kaVhU
2022;Martin Garrix;43;vacia;Intermitentes;casual;Sin baile;No;No;Sí;https://youtu.be/uXOek8kaVhU
2022;Martin Garrix;48;visuales;Intermitentes;casual;Sin baile;No;No;Sí;https://youtu.be/uXOek8kaVhU
2022;Martin Garrix;66;visuales;Intermitentes;casual;Sin baile;No;Sí;Sí;https://youtu.be/uXOek8kaVhU
2022;Martin Garrix;68;visuales;Estáticas;casual;Sin baile;No;No;Sí;https://youtu.be/uXOek8kaVhU
2022;Martin Garrix;73;visuales;Intermitentes;casual;Sin baile;No;No;Sí;https://youtu.be/uXOek8kaVhU
2022;Miley Cyrus;0;visuales;Intermitentes;NA;Sin baile;No;No;No;https://youtu.be/uXOek8kaVhU
2022;Miley Cyrus;1;streaming;Estáticas;teatral;Sin baile;Sí;No;No;https://youtu.be/uXOek8kaVhU
2022;Miley Cyrus;7;streaming;Estáticas;teatral;Sin baile;Sí;Sí;No;https://youtu.be/uXOek8kaVhU
2022;Miley Cyrus;33;streaming;Estáticas;teatral;Sin baile;Sí;No;No;https://youtu.be/uXOek8kaVhU
2022;Miley Cyrus;35;streaming;Estáticas;teatral;Sin baile;Sí;No;No;https://youtu.be/uXOek8kaVhU
2022;Miley Cyrus;37;streaming;Estáticas;teatral;Sin baile;No;Sí;No;https://youtu.be/uXOek8kaVhU
2022;Miley Cyrus;46;streaming;Intermitentes;teatral;Sin baile;Sí;Sí;No;https://youtu.be/uXOek8kaVhU
2022;Miley Cyrus;51;streaming;Estáticas;teatral;Sin baile;No;Sí;No;https://youtu.be/uXOek8kaVhU
2022;Miley Cyrus;78;streaming;Estáticas;teatral;Sin baile;Sí;Sí;No;https://youtu.be/uXOek8kaVhU
2022;Miley Cyrus;81;streaming;Estáticas;teatral;Sin baile;Sí;Sí;No;https://youtu.be/uXOek8kaVhU
2022;Miley Cyrus;83;streaming;Estáticas;teatral;Sin baile;Sí;Sí;No;https://youtu.be/uXOek8kaVhU
2022;A$AP ROCKY;0;vacia;Intermitentes;casual;Sin baile;No;No;No;https://youtu.be/Yej2zoofldU
2022;A$AP ROCKY;2;visuales;Intermitentes;casual;Sin baile;No;No;No;https://youtu.be/Yej2zoofldU
2022;A$AP ROCKY;7;vacia;Estáticas;casual;Sin baile;No;Sí;No;https://youtu.be/Yej2zoofldU
2022;A$AP ROCKY;12;vacia;Estáticas;casual;Sin baile;No;Sí;No;https://youtu.be/Yej2zoofldU
2022;A$AP ROCKY;13;vacia;Estáticas;casual;Sin baile;No;No;No;https://youtu.be/Yej2zoofldU
2022;A$AP ROCKY;14;visuales;Estáticas;casual;Sin baile;No;No;No;https://youtu.be/Yej2zoofldU
2022;A$AP ROCKY;19;visuales;Intermitentes;casual;Sin baile;No;No;No;https://youtu.be/Yej2zoofldU
2022;A$AP ROCKY;26;vacia;Estáticas;casual;Sin baile;No;Sí;No;https://youtu.be/Yej2zoofldU
2022;A$AP ROCKY;38;visuales;Intermitentes;casual;Sin baile;No;No;No;https://youtu.be/Yej2zoofldU
2022;A$AP ROCKY;40;visuales;Intermitentes;casual;Sin baile;No;No;No;https://youtu.be/Yej2zoofldU
2022;A$AP ROCKY;42;vacia;Estáticas;casual;Sin baile;No;Sí;No;https://youtu.be/Yej2zoofldU
2022;Alesso;0;NA;NA;NA;NA;NA;NA;NA;NA
2022;The Strokes;2;visuales;Estáticas;casual;Sin baile;Sí;No;No;https://youtu.be/ORQ11DJbN-g
2022;The Strokes;7;vacia;Apagadas;casual;Sin baile;Sí;Sí;No;https://youtu.be/ORQ11DJbN-g
2022;The Strokes;8;visuales;Estáticas;casual;Sin baile;Sí;No;No;https://youtu.be/ORQ11DJbN-g
2022;The Strokes;30;visuales;Intermitentes;casual;Sin baile;Sí;No;No;https://youtu.be/ORQ11DJbN-g
2022;The Strokes;36;vacia;Intermitentes;casual;Sin baile;Sí;No;No;https://youtu.be/ORQ11DJbN-g
2022;The Strokes;39;visuales;Estáticas;casual;Sin baile;Sí;No;No;https://youtu.be/ORQ11DJbN-g
2022;The Strokes;46;visuales;Estáticas;casual;Sin baile;Sí;No;No;https://youtu.be/ORQ11DJbN-g
2022;The Strokes;71;visuales;Intermitentes;casual;Sin baile;Sí;No;No;https://youtu.be/ORQ11DJbN-g
2022;The Strokes;76;vacia;Estáticas;casual;Sin baile;Sí;Sí;No;https://youtu.be/ORQ11DJbN-g
2022;The Strokes;77;visuales;Estáticas;casual;Sin baile;Sí;No;No;https://youtu.be/ORQ11DJbN-g
2022;Machine Gun Kelly;0;vacia;Apagadas;teatral;Sin baile;Sí;No;No;https://youtu.be/U-LOr_KcLME?si=GECuCbhrzkHRkaOF
2022;Machine Gun Kelly;4;visuales;Intermitentes;teatral;Sin baile;Sí;Sí;No;https://youtu.be/U-LOr_KcLME?si=GECuCbhrzkHRkaOF
2022;Machine Gun Kelly;9;streaming;Intermitentes;teatral;Sin baile;Sí;Sí;No;https://youtu.be/U-LOr_KcLME?si=GECuCbhrzkHRkaOF
2022;Machine Gun Kelly;25;vacia;Apagadas;teatral;Sin baile;Sí;Sí;No;https://youtu.be/U-LOr_KcLME?si=GECuCbhrzkHRkaOF
2022;Machine Gun Kelly;26;visuales;Estáticas;teatral;Sin baile;Sí;No;No;https://youtu.be/U-LOr_KcLME?si=GECuCbhrzkHRkaOF
2022;Machine Gun Kelly;30;vacia;Apagadas;teatral;Sin baile;Sí;Sí;No;https://youtu.be/U-LOr_KcLME?si=GECuCbhrzkHRkaOF
2022;Machine Gun Kelly;33;vacia;Apagadas;teatral;Sin baile;Sí;Sí;No;https://youtu.be/U-LOr_KcLME?si=GECuCbhrzkHRkaOF
2022;Machine Gun Kelly;51;visuales;Estáticas;teatral;Sin baile;Sí;Sí;No;https://youtu.be/U-LOr_KcLME?si=GECuCbhrzkHRkaOF
2022;Machine Gun Kelly;54;streaming;Estáticas;teatral;Sin baile;Sí;Sí;No;https://youtu.be/U-LOr_KcLME?si=GECuCbhrzkHRkaOF
2022;Machine Gun Kelly;58;visuales;Intermitentes;teatral;Sin baile;Sí;No;No;https://youtu.be/U-LOr_KcLME?si=GECuCbhrzkHRkaOF
2022;Doja Cat;0;streaming;Intermitentes;teatral;Coreografía;Sí;No;No;https://youtu.be/2Z0fqEDS90k
2022;Doja Cat;5;streaming;Estáticas;teatral;Coreografía;Sí;Sí;No;https://youtu.be/2Z0fqEDS90k
2022;Doja Cat;8;streaming;Estáticas;teatral;Expresión corporal;Sí;No;No;https://youtu.be/2Z0fqEDS90k
2022;Doja Cat;20;streaming;Intermitentes;teatral;Coreografía;Sí;No;No;https://youtu.be/2Z0fqEDS90k
2022;Doja Cat;23;streaming;Estáticas;teatral;Sin baile;Sí;Sí;No;https://youtu.be/2Z0fqEDS90k
2022;Doja Cat;25;streaming;Intermitentes;teatral;Sin baile;Sí;Sí;No;https://youtu.be/2Z0fqEDS90k
2022;Doja Cat;26;visuales;Estáticas;teatral;Expresión corporal;Sí;No;No;https://youtu.be/2Z0fqEDS90k
2022;Doja Cat;27;streaming;Estáticas;teatral;Expresión corporal;Sí;No;No;https://youtu.be/2Z0fqEDS90k
2022;Doja Cat;35;streaming;Estáticas;teatral;Sin baile;Sí;Sí;No;https://youtu.be/2Z0fqEDS90k
2022;Doja Cat;45;streaming;Intermitentes;teatral;Coreografía;Sí;Sí;No;https://youtu.be/2Z0fqEDS90k
2022;Doja Cat;46;streaming;Estáticas;teatral;Coreografía;Sí;Sí;No;https://youtu.be/2Z0fqEDS90k
2022;Doja Cat;49;streaming;Intermitentes;teatral;Coreografía;Sí;No;No;https://youtu.be/2Z0fqEDS90k
2023;Billie Eilish;0;vacia;Intermitentes;casual;Sin baile;Sí;No;No;https://youtu.be/87-KB5aNMXs
2023;Billie Eilish;1;vacia;Intermitentes;casual;Sin baile;Sí;Sí;No;https://youtu.be/87-KB5aNMXs
2023;Billie Eilish;6;visuales;Estáticas;casual;Sin baile;Sí;No;No;https://youtu.be/87-KB5aNMXs
2023;Billie Eilish;38;vacia;Intermitentes;casual;Sin baile;Sí;Sí;No;https://youtu.be/87-KB5aNMXs
2023;Billie Eilish;41;visuales;Estáticas;casual;Sin baile;Sí;Sí;No;https://youtu.be/87-KB5aNMXs
2023;Billie Eilish;46;vacia;Estáticas;casual;Sin baile;Sí;No;No;https://youtu.be/87-KB5aNMXs
2023;Billie Eilish;52;vacia;Estáticas;casual;Sin baile;Sí;Sí;No;https://youtu.be/87-KB5aNMXs
2023;Billie Eilish;81;visuales;Intermitentes;casual;Sin baile;Sí;No;No;https://youtu.be/87-KB5aNMXs
2023;Billie Eilish;83;vacia;Estáticas;casual;Sin baile;Sí;Sí;No;https://youtu.be/87-KB5aNMXs
2023;Billie Eilish;89;vacia;Estáticas;casual;Sin baile;Sí;Sí;No;https://youtu.be/87-KB5aNMXs
2023;Drake;1;vacia;Intermitentes;casual;Expresión corporal;No;No;No;https://youtu.be/obvoQ8apOb4?si=f9CQe71b6cNz465k 
2023;Drake;2;vacia;Intermitentes;casual;Sin baile;No;Sí;No;https://youtu.be/obvoQ8apOb4?si=f9CQe71b6cNz465k 
2023;Drake;3;vacia;Intermitentes;casual;Sin baile;No;Sí;No;https://youtu.be/obvoQ8apOb4?si=f9CQe71b6cNz465k 
2023;Drake;9;vacia;Estáticas;casual;Sin baile;No;No;No;https://youtu.be/obvoQ8apOb4?si=f9CQe71b6cNz465k 
2023;Drake;17;visuales;Intermitentes;casual;Sin baile;No;Sí;No;https://youtu.be/obvoQ8apOb4?si=f9CQe71b6cNz465k 
2023;Drake;18;visuales;Intermitentes;casual;Sin baile;No;Sí;No;https://youtu.be/obvoQ8apOb4?si=f9CQe71b6cNz465k 
2023;Drake;21;vacia;Estáticas;casual;Sin baile;No;Sí;No;https://youtu.be/obvoQ8apOb4?si=f9CQe71b6cNz465k 
2023;Drake;24;vacia;Estáticas;casual;Sin baile;No;Sí;No;https://youtu.be/obvoQ8apOb4?si=f9CQe71b6cNz465k 
2023;Drake;29;visuales;Estáticas;casual;Sin baile;No;No;No;https://youtu.be/obvoQ8apOb4?si=f9CQe71b6cNz465k 
2023;Drake;39;vacia;Estáticas;casual;Sin baile;No;Sí;No;https://youtu.be/obvoQ8apOb4?si=f9CQe71b6cNz465k 
2023;Drake;42;vacia;Intermitentes;casual;Sin baile;No;Sí;No;https://youtu.be/obvoQ8apOb4?si=f9CQe71b6cNz465k 
2023;Twenty One Pilots;0;vacia;Estáticas;casual;Sin baile;Sí;No;Sí;https://youtu.be/2zTvqCspJbo
2023;Twenty One Pilots;5;vacia;Estáticas;casual;Sin baile;Sí;Sí;Sí;https://youtu.be/2zTvqCspJbo
2023;Twenty One Pilots;7;vacia;Estáticas;casual;Sin baile;Sí;No;Sí;https://youtu.be/2zTvqCspJbo
2023;Twenty One Pilots;27;visuales;Estáticas;casual;Sin baile;Sí;No;Sí;https://youtu.be/2zTvqCspJbo
2023;Twenty One Pilots;32;vacia;Estáticas;casual;Sin baile;Sí;No;Sí;https://youtu.be/2zTvqCspJbo
2023;Twenty One Pilots;32;vacia;Estáticas;casual;Sin baile;Sí;No;Sí;https://youtu.be/2zTvqCspJbo
2023;Twenty One Pilots;38;vacia;Estáticas;casual;Expresión corporal;Sí;No;Sí;https://youtu.be/2zTvqCspJbo
2023;Twenty One Pilots;39;vacia;Estáticas;casual;Sin baile;Sí;Sí;Sí;https://youtu.be/2zTvqCspJbo
2023;Twenty One Pilots;45;vacia;Estáticas;casual;Sin baile;Sí;Sí;Sí;https://youtu.be/2zTvqCspJbo
2023;Twenty One Pilots;67;vacia;Estáticas;casual;Sin baile;Sí;Sí;Sí;https://youtu.be/2zTvqCspJbo
2023;Twenty One Pilots;69;vacia;Estáticas;casual;Sin baile;Sí;Sí;Sí;https://youtu.be/2zTvqCspJbo
2023;Twenty One Pilots;73;vacia;Estáticas;casual;Sin baile;Sí;Sí;Sí;https://youtu.be/2zTvqCspJbo
2023;Lil Nas X;1;visuales;Intermitentes;teatral;Coreografía;No;No;Sí;https://youtu.be/sEvE2Kni49Y?si=QlPuhwlOCQGQQIPk 
2023;Lil Nas X;4;visuales;Intermitentes;teatral;Coreografía;No;No;Sí;https://youtu.be/sEvE2Kni49Y?si=QlPuhwlOCQGQQIPk 
2023;Lil Nas X;5;visuales;Intermitentes;teatral;Sin baile;No;Sí;Sí;https://youtu.be/sEvE2Kni49Y?si=QlPuhwlOCQGQQIPk 
2023;Lil Nas X;18;visuales;Estáticas;teatral;Sin baile;No;Sí;Sí;https://youtu.be/sEvE2Kni49Y?si=QlPuhwlOCQGQQIPk 
2023;Lil Nas X;20;visuales;Intermitentes;teatral;Sin baile;No;No;Sí;https://youtu.be/sEvE2Kni49Y?si=QlPuhwlOCQGQQIPk 
2023;Lil Nas X;25;vacia;Estáticas;teatral;Sin baile;No;Sí;Sí;https://youtu.be/sEvE2Kni49Y?si=QlPuhwlOCQGQQIPk 
2023;Lil Nas X;47;vacia;Intermitentes;teatral;Sin baile;No;Sí;Sí;https://youtu.be/sEvE2Kni49Y?si=QlPuhwlOCQGQQIPk 
2023;Lil Nas X;50;visuales;Intermitentes;teatral;Coreografía;No;No;Sí;https://youtu.be/sEvE2Kni49Y?si=QlPuhwlOCQGQQIPk 
2023;Lil Nas X;55;visuales;Intermitentes;teatral;Sin baile;No;Sí;Sí;https://youtu.be/sEvE2Kni49Y?si=QlPuhwlOCQGQQIPk 
2023;Rosalía;1;vacia;Intermitentes;teatral;Coreografía;No;No;Sí;https://youtu.be/dQ5s4eeJ5AU
2023;Rosalía;5;vacia;Estáticas;teatral;Coreografía;No;Sí;Sí;https://youtu.be/dQ5s4eeJ5AU
2023;Rosalía;7;visuales;Estáticas;teatral;Sin baile;No;No;Sí;https://youtu.be/dQ5s4eeJ5AU
2023;Rosalía;23;vacia;Estáticas;teatral;Sin baile;No;No;Sí;https://youtu.be/dQ5s4eeJ5AU
2023;Rosalía;27;visuales;Estáticas;teatral;Coreografía;No;No;Sí;https://youtu.be/dQ5s4eeJ5AU
2023;Rosalía;32;vacia;Estáticas;teatral;Sin baile;No;Sí;Sí;https://youtu.be/dQ5s4eeJ5AU
2023;Rosalía;34;visuales;Estáticas;teatral;Sin baile;Sí;No;Sí;https://youtu.be/dQ5s4eeJ5AU
2023;Rosalía;39;visuales;Intermitentes;teatral;Coreografía;No;No;Sí;https://youtu.be/dQ5s4eeJ5AU
2023;Rosalía;58;visuales;Estáticas;teatral;Coreografía;No;No;Sí;https://youtu.be/dQ5s4eeJ5AU
2023;Rosalía;62;visuales;Estáticas;teatral;Coreografía;No;No;Sí;https://youtu.be/dQ5s4eeJ5AU
2023;Rosalía;63;visuales;Estáticas;teatral;Sin baile;No;Sí;Sí;https://youtu.be/dQ5s4eeJ5AU
2023;Tame Impala;0;visuales;Apagadas;vacia;Sin baile;No;No;No;https://youtu.be/-0fnTVPDCeA?si=mt6s5HQ7NjjDO587
2023;Tame Impala;3;visuales;Intermitentes;casual;Sin baile;Sí;Sí;No;https://youtu.be/-0fnTVPDCeA?si=mt6s5HQ7NjjDO588
2023;Tame Impala;8;streaming;Apagadas;casual;Expresión corporal;Sí;No;No;https://youtu.be/-0fnTVPDCeA?si=mt6s5HQ7NjjDO589
2023;Tame Impala;36;vacia;Intermitentes;casual;Sin baile;Sí;No;No;https://youtu.be/-0fnTVPDCeA?si=mt6s5HQ7NjjDO590
2023;Tame Impala;43;vacia;Estáticas;casual;Sin baile;Sí;No;No;https://youtu.be/-0fnTVPDCeA?si=mt6s5HQ7NjjDO591
2023;Tame Impala;48;vacia;Estáticas;casual;Sin baile;Sí;Sí;No;https://youtu.be/-0fnTVPDCeA?si=mt6s5HQ7NjjDO592
2023;Tame Impala;51;visuales;Estáticas;casual;Sin baile;Sí;Sí;No;https://youtu.be/-0fnTVPDCeA?si=mt6s5HQ7NjjDO593
2023;Tame Impala;54;vacia;Estáticas;casual;Sin baile;Sí;No;No;https://youtu.be/-0fnTVPDCeA?si=mt6s5HQ7NjjDO594
2023;Tame Impala;82;streaming;Intermitentes;casual;Sin baile;Sí;No;No;https://youtu.be/-0fnTVPDCeA?si=mt6s5HQ7NjjDO595
2023;Tame Impala;85;vacia;Apagadas;casual;Sin baile;Sí;Sí;No;https://youtu.be/-0fnTVPDCeA?si=mt6s5HQ7NjjDO596
2023;Tame Impala;88;streaming;Intermitentes;casual;Sin baile;Sí;No;No;https://youtu.be/-0fnTVPDCeA?si=mt6s5HQ7NjjDO597
2024;Feid;0;visuales;Estáticas;casual;Sin baile;No;No;Sí;https://youtu.be/_mWOQkuM-8M
2024;Feid;1;visuales;Estáticas;casual;Sin baile;Sí;No;Sí;https://youtu.be/_mWOQkuM-8M
2024;Feid;4;visuales;Intermitentes;casual;Sin baile;No;Sí;Sí;https://youtu.be/_mWOQkuM-8M
2024;Feid;28;visuales;Intermitentes;casual;Sin baile;Sí;Sí;Sí;https://youtu.be/_mWOQkuM-8M
2024;Feid;30;visuales;Estáticas;casual;Sin baile;No;No;Sí;https://youtu.be/_mWOQkuM-8M
2024;Feid;33;visuales;Intermitentes;casual;Sin baile;No;No;Sí;https://youtu.be/_mWOQkuM-8M
2024;Feid;35;visuales;Estáticas;casual;Sin baile;No;Sí;Sí;https://youtu.be/_mWOQkuM-8M
2024;Feid;35;streaming;Intermitentes;casual;Sin baile;No;No;Sí;https://youtu.be/_mWOQkuM-8M
2024;Feid;39;visuales;Intermitentes;casual;Sin baile;No;No;Sí;https://youtu.be/_mWOQkuM-8M
2024;Feid;64;visuales;Estáticas;casual;Sin baile;No;Sí;Sí;https://youtu.be/_mWOQkuM-8M
2024;Feid;68;streaming;Intermitentes;casual;Sin baile;No;No;Sí;https://youtu.be/_mWOQkuM-8M
2024;Feid;72;visuales;Estáticas;casual;Sin baile;No;No;Sí;https://youtu.be/_mWOQkuM-8M
2024;Blink-182;0;visuales;Intermitentes;casual;Sin baile;Sí;No;No;https://youtu.be/ICtgNsbdMbQ
2024;Blink-182;6;visuales;Intermitentes;casual;Sin baile;Sí;No;No;https://youtu.be/ICtgNsbdMbQ
2024;Blink-182;7;visuales;Intermitentes;casual;Sin baile;Sí;No;No;https://youtu.be/ICtgNsbdMbQ
2024;Blink-182;35;streaming;Intermitentes;casual;Sin baile;Sí;No;No;https://youtu.be/ICtgNsbdMbQ
2024;Blink-182;36;vacia;Estáticas;casual;Sin baile;Sí;Sí;No;https://youtu.be/ICtgNsbdMbQ
2024;Blink-182;40;visuales;Estáticas;casual;Sin baile;Sí;No;No;https://youtu.be/ICtgNsbdMbQ
2024;Blink-182;44;vacia;Apagadas;casual;Sin baile;Sí;No;No;https://youtu.be/ICtgNsbdMbQ
2024;Blink-182;84;visuales;Intermitentes;casual;Sin baile;Sí;No;No;https://youtu.be/ICtgNsbdMbQ
2024;Blink-182;86;visuales;Estáticas;casual;Sin baile;Sí;No;No;https://youtu.be/ICtgNsbdMbQ
2024;Blink-182;89;visuales;Estáticas;casual;Sin baile;Sí;No;No;https://youtu.be/ICtgNsbdMbQ
2024;SZA;1;visuales;Estáticas;teatral;Coreografía;No;No;Sí;https://youtu.be/VIoWNlN69I4
2024;SZA;3;visuales;Estáticas;teatral;Expresión corporal;No;No;Sí;https://youtu.be/VIoWNlN69I5
2024;SZA;8;visuales;Estáticas;teatral;Coreografía;Sí;Sí;Sí;https://youtu.be/VIoWNlN69I6
2024;SZA;21;visuales;Intermitentes;teatral;Expresión corporal;Sí;Sí;Sí;https://youtu.be/VIoWNlN69I7
2024;SZA;22;visuales;Intermitentes;teatral;Expresión corporal;Sí;No;Sí;https://youtu.be/VIoWNlN69I8
2024;SZA;31;visuales;Intermitentes;teatral;Expresión corporal;Sí;Sí;Sí;https://youtu.be/VIoWNlN69I9
2024;SZA;32;visuales;Estáticas;teatral;Sin baile;Sí;Sí;Sí;https://youtu.be/VIoWNlN69I10
2024;SZA;39;visuales;Intermitentes;teatral;Coreografía;Sí;No;Sí;https://youtu.be/VIoWNlN69I11
2024;SZA;41;visuales;Intermitentes;teatral;Expresión corporal;Sí;No;Sí;https://youtu.be/VIoWNlN69I12
2024;SZA;53;vacia;Estáticas;teatral;Sin baile;Sí;Sí;Sí;https://youtu.be/VIoWNlN69I13
2024;SZA;61;visuales;Intermitentes;teatral;Sin baile;Sí;Sí;Sí;https://youtu.be/VIoWNlN69I14
2024;Limp Bizkit;0;logo;Estáticas;teatral;Sin baile;Sí;Sí;No;https://youtu.be/LF9F1lZuXxY?si=SAVUcg_hzGo9Mvsw
2024;Limp Bizkit;3;logo;Intermitentes;teatral;Sin baile;Sí;Sí;No;https://youtu.be/LF9F1lZuXxY?si=SAVUcg_hzGo9Mvsw
2024;Limp Bizkit;5;logo;Intermitentes;teatral;Sin baile;Sí;Sí;No;https://youtu.be/LF9F1lZuXxY?si=SAVUcg_hzGo9Mvsw
2024;Limp Bizkit;20;logo;Intermitentes;teatral;Sin baile;Sí;Sí;No;https://youtu.be/LF9F1lZuXxY?si=SAVUcg_hzGo9Mvsw
2024;Limp Bizkit;25;logo;Estáticas;teatral;Expresión corporal;Sí;Sí;No;https://youtu.be/LF9F1lZuXxY?si=SAVUcg_hzGo9Mvsw
2024;Limp Bizkit;31;logo;Intermitentes;teatral;Sin baile;Sí;Sí;No;https://youtu.be/LF9F1lZuXxY?si=SAVUcg_hzGo9Mvsw
2024;Limp Bizkit;34;logo;Estáticas;teatral;Sin baile;Sí;No;No;https://youtu.be/LF9F1lZuXxY?si=SAVUcg_hzGo9Mvsw
2024;Limp Bizkit;52;logo;Intermitentes;teatral;Expresión corporal;Sí;Sí;No;https://youtu.be/LF9F1lZuXxY?si=SAVUcg_hzGo9Mvsw
2024;Limp Bizkit;56;logo;Intermitentes;teatral;Expresión corporal;Sí;Sí;No;https://youtu.be/LF9F1lZuXxY?si=SAVUcg_hzGo9Mvsw
2024;Arcade Fire;1;vacia;Estáticas;casual;Sin baile;Sí;Sí;Sí;https://youtu.be/ntamgY2TVW0?si=z70QuZsmnfO3v8hf
2024;Arcade Fire;5;vacia;Estáticas;casual;Sin baile;Sí;Sí;Sí;https://youtu.be/ntamgY2TVW0?si=z70QuZsmnfO3v8hf
2024;Arcade Fire;9;visuales;Estáticas;casual;Sin baile;Sí;No;Sí;https://youtu.be/ntamgY2TVW0?si=z70QuZsmnfO3v8hf
2024;Arcade Fire;37;vacia;Estáticas;casual;Sin baile;Sí;No;Sí;https://youtu.be/ntamgY2TVW0?si=z70QuZsmnfO3v8hf
2024;Arcade Fire;45;visuales;Estáticas;casual;Sin baile;Sí;No;Sí;https://youtu.be/ntamgY2TVW0?si=z70QuZsmnfO3v8hf
2024;Arcade Fire;49;visuales;Estáticas;casual;Sin baile;Sí;Sí;Sí;https://youtu.be/ntamgY2TVW0?si=z70QuZsmnfO3v8hf
2024;Arcade Fire;51;visuales;Estáticas;casual;Sin baile;Sí;Sí;Sí;https://youtu.be/ntamgY2TVW0?si=z70QuZsmnfO3v8hf
2024;Arcade Fire;80;vacia;Estáticas;casual;Sin baile;Sí;No;Sí;https://youtu.be/ntamgY2TVW0?si=z70QuZsmnfO3v8hf
2024;Arcade Fire;85;vacia;Estáticas;casual;Sin baile;Sí;Sí;Sí;https://youtu.be/ntamgY2TVW0?si=z70QuZsmnfO3v8hf
2024;Arcade Fire;91;visuales;Estáticas;casual;Sin baile;Sí;Sí;Sí;https://youtu.be/ntamgY2TVW0?si=z70QuZsmnfO3v8hf
2024;Sam Smith;1;vacia;Estáticas;teatral;Sin baile;Sí;No;Sí;https://youtu.be/1gkV74PpF9Q
2024;Sam Smith;3;vacia;Estáticas;teatral;Sin baile;Sí;Sí;Sí;https://youtu.be/1gkV74PpF9Q
2024;Sam Smith;5;vacia;Intermitentes;teatral;Sin baile;Sí;Sí;Sí;https://youtu.be/1gkV74PpF9Q
2024;Sam Smith;33;vacia;Intermitentes;teatral;Sin baile;Sí;Sí;Sí;https://youtu.be/1gkV74PpF9Q
2024;Sam Smith;40;vacia;Intermitentes;teatral;Sin baile;Sí;Sí;Sí;https://youtu.be/1gkV74PpF9Q
2024;Sam Smith;46;vacia;Intermitentes;NA;Coreografía;Sí;No;Sí;https://youtu.be/1gkV74PpF9Q
2024;Sam Smith;48;vacia;Intermitentes;casual;Coreografía;Sí;No;Sí;https://youtu.be/1gkV74PpF9Q
2024;Sam Smith;50;vacia;Estáticas;casual;Coreografía;Sí;Sí;Sí;https://youtu.be/1gkV74PpF9Q
2024;Sam Smith;74;vacia;Intermitentes;NA;Coreografía;Sí;No;Sí;https://youtu.be/1gkV74PpF9Q
2024;Sam Smith;78;vacia;Estáticas;teatral;Sin baile;Sí;No;Sí;https://youtu.be/1gkV74PpF9Q
2024;Sam Smith;78;vacia;Estáticas;teatral;Sin baile;Sí;No;Sí;https://youtu.be/1gkV74PpF9Q
2025;Olivia Rodrigo;1;vacia;Intermitentes;teatral;Expresión corporal;Sí;No;No;https://youtu.be/o7gn5D9f1ME
2025;Olivia Rodrigo;2;vacia;Intermitentes;teatral;Expresión corporal;Sí;No;No;https://youtu.be/o7gn5D9f1ME
2025;Olivia Rodrigo;8;visuales;Estáticas;teatral;Sin baile;Sí;Sí;No;https://youtu.be/o7gn5D9f1ME
2025;Olivia Rodrigo;24;streaming;Intermitentes;teatral;Coreografía;Sí;No;No;https://youtu.be/o7gn5D9f1ME
2025;Olivia Rodrigo;28;streaming;Intermitentes;teatral;Coreografía;Sí;No;No;https://youtu.be/o7gn5D9f1ME
2025;Olivia Rodrigo;30;streaming;Estáticas;teatral;Coreografía;Sí;No;Sí;https://youtu.be/o7gn5D9f1ME
2025;Olivia Rodrigo;33;vacia;Estáticas;teatral;Sin baile;Sí;Sí;No;https://youtu.be/o7gn5D9f1ME
2025;Olivia Rodrigo;40;streaming;Intermitentes;teatral;Sin baile;Sí;Sí;No;https://youtu.be/o7gn5D9f1ME
2025;Olivia Rodrigo;59;visuales;Estáticas;teatral;Sin baile;Sí;Sí;No;https://youtu.be/o7gn5D9f1ME
2025;Olivia Rodrigo;63;streaming;Estáticas;teatral;Sin baile;Sí;Sí;No;https://youtu.be/o7gn5D9f1ME
2025;Olivia Rodrigo;65;streaming;Intermitentes;teatral;Coreografía;Sí;No;No;https://youtu.be/o7gn5D9f1ME
2025;Justin Timberlake;2;streaming;Intermitentes;casual;Sin baile;Sí;No;No;https://youtu.be/lmIJPjX0E2I
2025;Justin Timberlake;4;streaming;Intermitentes;casual;Sin baile;Sí;Sí;No;https://youtu.be/lmIJPjX0E2I
2025;Justin Timberlake;8;visuales;Intermitentes;casual;Sin baile;Sí;No;No;https://youtu.be/lmIJPjX0E2I
2025;Justin Timberlake;11;visuales;Intermitentes;casual;Sin baile;Sí;Sí;No;https://youtu.be/lmIJPjX0E2I
2025;Justin Timberlake;15;visuales;Intermitentes;casual;Sin baile;Sí;No;No;https://youtu.be/lmIJPjX0E2I
2025;Justin Timberlake;16;streaming;Intermitentes;casual;Coreografía;Sí;No;No;https://youtu.be/lmIJPjX0E2I
2025;Justin Timberlake;20;visuales;Intermitentes;casual;Sin baile;Sí;No;No;https://youtu.be/lmIJPjX0E2I
2025;Justin Timberlake;21;streaming;Intermitentes;casual;Sin baile;Sí;No;No;https://youtu.be/lmIJPjX0E2I
2025;Justin Timberlake;22;visuales;Apagadas;casual;Sin baile;Sí;Sí;No;https://youtu.be/lmIJPjX0E2I
2025;Justin Timberlake;25;visuales;Intermitentes;casual;Sin baile;Sí;No;No;https://youtu.be/lmIJPjX0E2I
2025;Justin Timberlake;26;visuales;Intermitentes;casual;Sin baile;Sí;No;No;https://youtu.be/lmIJPjX0E2I
2025;Justin Timberlake;29;vacia;Estáticas;casual;Sin baile;Sí;Sí;No;https://youtu.be/lmIJPjX0E2I
2025;Tool;3;visuales;Estáticas;vacia;Sin baile;Sí;No;No;https://youtu.be/rFuX08vV_qw
2025;Tool;7;visuales;Estáticas;vacia;Sin baile;Sí;No;No;https://youtu.be/rFuX08vV_qw
2025;Tool;8;visuales;Intermitentes;vacia;Sin baile;Sí;No;No;https://youtu.be/rFuX08vV_qw
2025;Tool;42;visuales;Intermitentes;vacia;Sin baile;Sí;No;No;https://youtu.be/rFuX08vV_qw
2025;Tool;48;visuales;Estáticas;vacia;Sin baile;Sí;No;No;https://youtu.be/rFuX08vV_qw
2025;Tool;55;visuales;Estáticas;vacia;Sin baile;Sí;No;No;https://youtu.be/rFuX08vV_qw
2025;Tool;96;visuales;Estáticas;vacia;Sin baile;Sí;No;No;https://youtu.be/rFuX08vV_qw
2025;Tool;100;visuales;Estáticas;vacia;Sin baile;Sí;No;No;https://youtu.be/rFuX08vV_qw
2025;Tool;102;visuales;Estáticas;vacia;Sin baile;Sí;Sí;No;https://youtu.be/rFuX08vV_qw
2025;Rüfüs Du Sol;2;vacia;Estáticas;casual;Sin baile;Sí;Sí;No;https://youtu.be/kEL3lWy6CNc?si=oLtaBDTrEqYqmmYI 
2025;Rüfüs Du Sol;5;vacia;Estáticas;casual;Sin baile;Sí;No;No;https://youtu.be/kEL3lWy6CNc?si=oLtaBDTrEqYqmmYI 
2025;Rüfüs Du Sol;9;vacia;Intermitentes;casual;Sin baile;Sí;Sí;No;https://youtu.be/kEL3lWy6CNc?si=oLtaBDTrEqYqmmYI 
2025;Rüfüs Du Sol;36;vacia;Intermitentes;casual;Sin baile;Sí;No;No;https://youtu.be/kEL3lWy6CNc?si=oLtaBDTrEqYqmmYI 
2025;Rüfüs Du Sol;38;vacia;Intermitentes;casual;Sin baile;Sí;No;No;https://youtu.be/kEL3lWy6CNc?si=oLtaBDTrEqYqmmYI 
2025;Rüfüs Du Sol;42;vacia;Intermitentes;casual;Sin baile;Sí;No;No;https://youtu.be/kEL3lWy6CNc?si=oLtaBDTrEqYqmmYI 
2025;Rüfüs Du Sol;66;vacia;Intermitentes;casual;Sin baile;Sí;Sí;No;https://youtu.be/kEL3lWy6CNc?si=oLtaBDTrEqYqmmYI 
2025;Rüfüs Du Sol;70;vacia;Estáticas;casual;Sin baile;Sí;Sí;No;https://youtu.be/kEL3lWy6CNc?si=oLtaBDTrEqYqmmYI 
2025;Rüfüs Du Sol;73;vacia;Intermitentes;casual;Sin baile;No;Sí;No;https://youtu.be/kEL3lWy6CNc?si=oLtaBDTrEqYqmmYI 
2025;Alanis Morissette;0;NA;NA;NA;NA;NA;NA;NA;NA
2025;Shawn Mendes;0;vacia;Estáticas;casual;Sin baile;Sí;No;No;https://youtu.be/KtDaQjtMwD4
2025;Shawn Mendes;1;vacia;Intermitentes;casual;Sin baile;Sí;Sí;No;https://youtu.be/KtDaQjtMwD5
2025;Shawn Mendes;7;visuales;Estáticas;casual;Sin baile;Sí;No;No;https://youtu.be/KtDaQjtMwD6
2025;Shawn Mendes;10;vacia;Estáticas;casual;Sin baile;Sí;Sí;No;https://youtu.be/KtDaQjtMwD7
2025;Shawn Mendes;14;visuales;Estáticas;casual;Sin baile;Sí;No;No;https://youtu.be/KtDaQjtMwD8
2025;Shawn Mendes;0;visuales;Estáticas;casual;Sin baile;Sí;No;Sí;https://youtu.be/Wxc9pcH5viY
2025;Shawn Mendes;1;logo;Estáticas;casual;Sin baile;Sí;No;Sí;https://youtu.be/Wxc9pcH5viY
2025;Shawn Mendes;0;vacia;Estáticas;casual;Sin baile;Sí;No;Sí;https://youtu.be/vWDaywNnoqQ
2025;Shawn Mendes;4;vacia;Intermitentes;casual;Sin baile;Sí;Sí;Sí;https://youtu.be/vWDaywNnoqQ
2025;Shawn Mendes;5;vacia;Intermitentes;casual;Sin baile;Sí;Sí;Sí;https://youtu.be/vWDaywNnoqQ
2026;Doechii;2;vacia;Apagadas;NA;Sin baile;No;No;No;https://youtu.be/gEGf22cS2x8
2026;Doechii;3;vacia;Intermitentes;teatral;Coreografía;No;No;Sí;https://youtu.be/gEGf22cS2x9
2026;Doechii;9;vacia;Intermitentes;teatral;Coreografía;No;Sí;Sí;https://youtu.be/gEGf22cS2x10
2026;Doechii;16;vacia;Estáticas;teatral;Sin baile;No;Sí;Sí;https://youtu.be/gEGf22cS2x11
2026;Doechii;19;vacia;Intermitentes;teatral;Coreografía;No;No;Sí;https://youtu.be/gEGf22cS2x12
2026;Doechii;23;vacia;Intermitentes;teatral;Expresión corporal;No;No;Sí;https://youtu.be/gEGf22cS2x13
2026;Doechii;33;vacia;Intermitentes;teatral;Sin baile;No;No;Sí;https://youtu.be/gEGf22cS2x14
2026;Doechii;41;vacia;Intermitentes;teatral;Coreografía;No;No;Sí;https://youtu.be/gEGf22cS2x15
2026;Doechii;43;vacia;Estáticas;teatral;Coreografía;No;Sí;Sí;https://youtu.be/gEGf22cS2x16
2026;Doechii;47;vacia;Estáticas;teatral;Coreografía;No;No;Sí;https://youtu.be/gEGf22cS2x17
2026;Sabrina Carpenter;0;visuales;Estáticas;NA;Sin baile;No;No;NA;https://youtu.be/KQCM2FnpFG0
2026;Sabrina Carpenter;1;visuales;Estáticas;teatral;Coreografía;Sí;No;Sí;https://youtu.be/KQCM2FnpFG1
2026;Sabrina Carpenter;10;visuales;Intermitentes;teatral;Coreografía;Sí;Sí;Sí;https://youtu.be/KQCM2FnpFG2
2026;Sabrina Carpenter;37;visuales;Intermitentes;teatral;Coreografía;Sí;No;Sí;https://youtu.be/KQCM2FnpFG3
2026;Sabrina Carpenter;40;visuales;Estáticas;teatral;Coreografía;Sí;No;Sí;https://youtu.be/KQCM2FnpFG4
2026;Sabrina Carpenter;46;visuales;Intermitentes;teatral;Sin baile;Sí;Sí;Sí;https://youtu.be/KQCM2FnpFG5
2026;Sabrina Carpenter;51;visuales;Intermitentes;teatral;Coreografía;Sí;No;Sí;https://youtu.be/KQCM2FnpFG6
2026;Sabrina Carpenter;54;streaming;Estáticas;teatral;Sin baile;No;Sí;Sí;https://youtu.be/KQCM2FnpFG7
2026;Sabrina Carpenter;65;visuales;Estáticas;teatral;Sin baile;Sí;No;Sí;https://youtu.be/KQCM2FnpFG8
2026;Sabrina Carpenter;68;visuales;Intermitentes;teatral;Sin baile;No;No;Sí;https://youtu.be/KQCM2FnpFG9
2026;Sabrina Carpenter;68;streaming;Estáticas;teatral;Coreografía;Sí;Sí;Sí;https://youtu.be/KQCM2FnpFG10
2026;Turnstile;2;visuales;Estáticas;casual;Expresión corporal;Sí;Sí;No;https://youtu.be/gyNUUhItN3E?si=I8TQYAFCLv_-T6v2
2026;Turnstile;5;visuales;Estáticas;casual;Sin baile;Sí;Sí;No;https://youtu.be/gyNUUhItN3E?si=I8TQYAFCLv_-T6v3
2026;Turnstile;7;visuales;Estáticas;casual;Expresión corporal;Sí;No;No;https://youtu.be/gyNUUhItN3E?si=I8TQYAFCLv_-T6v4
2026;Turnstile;15;visuales;Estáticas;casual;Expresión corporal;Sí;Sí;No;https://youtu.be/gyNUUhItN3E?si=I8TQYAFCLv_-T6v5
2026;Turnstile;19;vacia;Estáticas;casual;Sin baile;Sí;Sí;No;https://youtu.be/gyNUUhItN3E?si=I8TQYAFCLv_-T6v6
2026;Turnstile;30;visuales;Estáticas;casual;Expresión corporal;Sí;No;No;https://youtu.be/gyNUUhItN3E?si=I8TQYAFCLv_-T6v7
2026;Turnstile;34;visuales;Estáticas;casual;Expresión corporal;Sí;Sí;No;https://youtu.be/gyNUUhItN3E?si=I8TQYAFCLv_-T6v8
2026;Turnstile;49;visuales;Estáticas;casual;Expresión corporal;Sí;Sí;No;https://youtu.be/gyNUUhItN3E?si=I8TQYAFCLv_-T6v9
2026;Turnstile;51;visuales;Estáticas;casual;Sin baile;Sí;Sí;No;https://youtu.be/gyNUUhItN3E?si=I8TQYAFCLv_-T6v10
2026;Tyler, The Creator;0;streaming;Intermitentes;casual;Sin baile;No;No;No;https://youtu.be/SrjvRJkTwUI
2026;Tyler, The Creator;2;streaming;Intermitentes;casual;Sin baile;No;Sí;No;https://youtu.be/SrjvRJkTwUI
2026;Tyler, The Creator;5;visuales;Intermitentes;casual;Sin baile;No;No;No;https://youtu.be/SrjvRJkTwUI
2026;Tyler, The Creator;29;streaming;Intermitentes;casual;NA;No;Sí;No;https://youtu.be/SrjvRJkTwUI
2026;Tyler, The Creator;33;vacia;Estáticas;casual;Sin baile;No;Sí;No;https://youtu.be/SrjvRJkTwUI
2026;Tyler, The Creator;40;vacia;Estáticas;casual;Sin baile;No;Sí;No;https://youtu.be/SrjvRJkTwUI
2026;Tyler, The Creator;47;streaming;Estáticas;casual;Sin baile;No;No;No;https://youtu.be/SrjvRJkTwUI
2026;Tyler, The Creator;68;vacia;Estáticas;casual;Sin baile;No;Sí;No;https://youtu.be/SrjvRJkTwUI
2026;Tyler, The Creator;75;vacia;Intermitentes;casual;Sin baile;No;Sí;No;https://youtu.be/SrjvRJkTwUI
2026;Tyler, The Creator;76;vacia;Estáticas;casual;Sin baile;No;Sí;No;https://youtu.be/SrjvRJkTwUI
2026;Lewis Capaldi;0;visuales;Estáticas;NA;Sin baile;Sí;No;NA;https://youtu.be/gjXW8UkHvUI
2026;Lewis Capaldi;1;visuales;Estáticas;casual;Sin baile;Sí;No;No;https://youtu.be/gjXW8UkHvUI
2026;Lewis Capaldi;7;streaming;Estáticas;casual;Sin baile;Sí;Sí;No;https://youtu.be/gjXW8UkHvUI
2026;Lewis Capaldi;17;vacia;Estáticas;casual;Sin baile;Sí;Sí;No;https://youtu.be/gjXW8UkHvUI
2026;Lewis Capaldi;20;visuales;Estáticas;casual;Sin baile;Sí;No;No;https://youtu.be/gjXW8UkHvUI
2026;Lewis Capaldi;29;vacia;Estáticas;casual;Sin baile;Sí;Sí;No;https://youtu.be/gjXW8UkHvUI
2026;Lewis Capaldi;30;visuales;Estáticas;casual;Sin baile;Sí;No;No;https://youtu.be/gjXW8UkHvUI
2026;Lewis Capaldi;49;streaming;Estáticas;casual;Sin baile;Sí;Sí;No;https://youtu.be/gjXW8UkHvUI
2026;Lewis Capaldi;52;vacia;Estáticas;casual;Sin baile;Sí;Sí;No;https://youtu.be/gjXW8UkHvUI
2026;Lewis Capaldi;56;vacia;Estáticas;casual;Sin baile;Sí;Sí;No;https://youtu.be/gjXW8UkHvUI
2026;Chappel Roan;1;visuales;Intermitentes;NA;Sin baile;No;No;NA;https://youtu.be/91BcyH3U918
2026;Chappel Roan;1;visuales;Intermitentes;NA;Sin baile;Sí;No;NA;https://youtu.be/91BcyH3U919
2026;Chappel Roan;4;visuales;Estáticas;teatral;Sin baile;Sí;No;Sí;https://youtu.be/91BcyH3U920
2026;Chappel Roan;31;visuales;Estáticas;teatral;Coreografía;Sí;Sí;Sí;https://youtu.be/91BcyH3U921
2026;Chappel Roan;37;visuales;Estáticas;teatral;Sin baile;Sí;No;Sí;https://youtu.be/91BcyH3U922
2026;Chappel Roan;43;visuales;Estáticas;teatral;Sin baile;Sí;No;Sí;https://youtu.be/91BcyH3U923
2026;Chappel Roan;46;visuales;Estáticas;teatral;Sin baile;Sí;Sí;Sí;https://youtu.be/91BcyH3U924
2026;Chappel Roan;0,6;streaming;Estáticas;teatral;Sin baile;Sí;No;Sí;https://youtu.be/91BcyH3U925
2026;Chappel Roan;17,6;visuales;Intermitentes;teatral;Sin baile;Sí;Sí;Sí;https://youtu.be/91BcyH3U926
2026;Chappel Roan;18,6;visuales;Intermitentes;teatral;Sin baile;Sí;Sí;Sí;https://youtu.be/91BcyH3U927
2026;Deftones;0;visuales;Estáticas;casual;Sin baile;Sí;No;No;https://youtu.be/_whN5ExhnlE
2026;Deftones;2;visuales;Estáticas;casual;Expresión corporal;Sí;Sí;No;https://youtu.be/_whN5ExhnlE
2026;Deftones;9;vacia;Apagadas;casual;Sin baile;Sí;Sí;No;https://youtu.be/_whN5ExhnlE
2026;Deftones;30;visuales;Estáticas;casual;Sin baile;Sí;Sí;No;https://youtu.be/_whN5ExhnlE
2026;Deftones;38;visuales;Intermitentes;casual;Expresión corporal;Sí;No;No;https://youtu.be/_whN5ExhnlE
2026;Deftones;43;visuales;Intermitentes;casual;Sin baile;Sí;No;No;https://youtu.be/_whN5ExhnlE
2026;Deftones;47;visuales;Estáticas;casual;Expresión corporal;Sí;No;No;https://youtu.be/_whN5ExhnlE
2026;Deftones;65;visuales;Estáticas;casual;Sin baile;Sí;Sí;No;https://youtu.be/_whN5ExhnlE
2026;Deftones;69;visuales;Estáticas;casual;Sin baile;Sí;Sí;No;https://youtu.be/_whN5ExhnlE
2026;Lorde;2;visuales;Estáticas;teatral;Sin baile;Sí;No;No;https://youtu.be/KoDFBeyeHYM
2026;Lorde;4;streaming;Intermitentes;teatral;Sin baile;Sí;No;Sí;https://youtu.be/KoDFBeyeHYM
2026;Lorde;7;streaming;Estáticas;teatral;Sin baile;Sí;Sí;Sí;https://youtu.be/KoDFBeyeHYM
2026;Lorde;20;streaming;Estáticas;teatral;Sin baile;Sí;No;Sí;https://youtu.be/KoDFBeyeHYM
2026;Lorde;23;streaming;Estáticas;teatral;Sin baile;Sí;No;Sí;https://youtu.be/KoDFBeyeHYM
2026;Lorde;25;streaming;Estáticas;teatral;Coreografía;Sí;No;Sí;https://youtu.be/KoDFBeyeHYM
2026;Lorde;28;streaming;Estáticas;teatral;Sin baile;Sí;No;Sí;https://youtu.be/KoDFBeyeHYM
2026;Lorde;31;streaming;Estáticas;teatral;Expresión corporal;Sí;No;Sí;https://youtu.be/KoDFBeyeHYM
2026;Lorde;36;streaming;Estáticas;teatral;Sin baile;Sí;Sí;Sí;https://youtu.be/KoDFBeyeHYM
2026;Lorde;67;vacia;Estáticas;casual;Sin baile;Sí;No;Sí;https://youtu.be/KoDFBeyeHYM
2026;Lorde;68;vacia;Estáticas;casual;Sin baile;Sí;Sí;Sí;https://youtu.be/KoDFBeyeHYM
2026;Lorde;71;streaming;Estáticas;casual;Sin baile;Sí;Sí;Sí;https://youtu.be/KoDFBeyeHYM
2026;Los Bunkers;2;vacia;Estáticas;formal;Sin baile;Sí;No;No;https://youtu.be/rISFvwrcT_Y
2026;Los Bunkers;4;visuales;Estáticas;formal;Sin baile;Sí;Sí;No;https://youtu.be/rISFvwrcT_Y
2026;Los Bunkers;6;visuales;Estáticas;formal;Sin baile;Sí;No;No;https://youtu.be/rISFvwrcT_Y
2026;Los Bunkers;35;streaming;Intermitentes;formal;Sin baile;Sí;No;No;https://youtu.be/rISFvwrcT_Y
2026;Los Bunkers;38;vacia;Estáticas;formal;Sin baile;Sí;Sí;No;https://youtu.be/rISFvwrcT_Y
2026;Los Bunkers;39;visuales;Estáticas;formal;Sin baile;Sí;No;No;https://youtu.be/rISFvwrcT_Y
2026;Los Bunkers;44;visuales;Estáticas;formal;Sin baile;Sí;No;No;https://youtu.be/rISFvwrcT_Y
2026;Los Bunkers;49;visuales;Estáticas;formal;Sin baile;Sí;No;No;https://youtu.be/rISFvwrcT_Y
2026;Los Bunkers;50;visuales;Estáticas;formal;Sin baile;Sí;Sí;No;https://youtu.be/rISFvwrcT_Y
2026;Los Bunkers;79;NA;Intermitentes;formal;Sin baile;Sí;Sí;No;https://youtu.be/rISFvwrcT_Y
2026;Los Bunkers;84;logo;Intermitentes;formal;Sin baile;Sí;No;No;https://youtu.be/rISFvwrcT_Y
2026;Los Bunkers;89;logo;Estáticas;formal;Sin baile;Sí;Sí;No;https://youtu.be/rISFvwrcT_Y
2026;Skrillex;1;vacia;Intermitentes;casual;Sin baile;No;No;No;https://youtu.be/oGS0A_R9tag
2026;Skrillex;2;vacia;Intermitentes;casual;Sin baile;No;No;No;https://youtu.be/oGS0A_R9tag
2026;Skrillex;6;logo;Intermitentes;casual;Sin baile;No;Sí;No;https://youtu.be/oGS0A_R9tag
2026;Skrillex;34;logo;Intermitentes;casual;Sin baile;No;No;No;https://youtu.be/oGS0A_R9tag
2026;Skrillex;37;logo;Intermitentes;casual;Sin baile;No;No;No;https://youtu.be/oGS0A_R9tag
2026;Skrillex;38;logo;Intermitentes;casual;Sin baile;No;Sí;No;https://youtu.be/oGS0A_R9tag
2026;Skrillex;40;logo;Intermitentes;casual;Sin baile;No;No;No;https://youtu.be/oGS0A_R9tag
2026;Skrillex;44;logo;Estáticas;casual;Sin baile;No;Sí;No;https://youtu.be/oGS0A_R9tag
2026;Skrillex;51;logo;Intermitentes;casual;Sin baile;No;No;No;https://youtu.be/oGS0A_R9tag
2026;Skrillex;81;logo;Intermitentes;casual;Sin baile;No;No;No;https://youtu.be/oGS0A_R9tag
2026;Skrillex;82;logo;Estáticas;casual;Sin baile;No;Sí;No;https://youtu.be/oGS0A_R9tag
2026;Skrillex;87;logo;Estáticas;casual;Sin baile;No;Sí;No;https://youtu.be/oGS0A_R9tag
