edicion lolla,artista,minutaje,pantalla principal,juego de luces,tipo de vestimenta,cambio de vestuario,baile,instrumental en vivo,interaccion publico,escenografía,interrupciones,link presentacion
2011,The Killers,0:00:32,En negro,Luces azules y celestes en todo el escenario,"Vocalista con traje formal, guitarrista y bajista con traje semi formal y baterista con polera y pantalón normal",No,No,"Si. La banda estaba conformada por el baterista, guitarrista vocalista y el bajista",No,Luces led pequeñas distribuidas y una letra K en grande,No,https://youtu.be/X7MNEzCA3M4?si=MsjtA6l0OeTPlvD7
2011,The Killers,0:01:54,Cámara mostrando al público,Luces amarillas y azules,"Vocalista con traje formal, guitarrista y bajista con traje semi formal y baterista con polera y pantalón normal",No,No,"Si. La banda estaba conformada por el baterista, guitarrista, vocalista y el bajista",No,Luces led pequeñas distribuidas y una letra K en grande,No,https://youtu.be/X7MNEzCA3M4?si=5SC5igZt1i9N8oj_
2011,The Killers,0:02:55,Pantallas mostrando a la banda,"Luces rojas, amarillas y rosadas","Vocalista con traje formal, guitarrista y bajista con traje semi formal y baterista con polera y pantalón normal",No,No,"Si. La banda estaba conformada por el baterista, guitarrista, vocalista y el bajista",No,Humo saliendo por los costados del escenario,No,https://youtu.be/FPNwqLGlTmA?si=frK5RZhUU9ufq-pj
2011,The Killers,0:04:44,En negro,Luces blancas tipo flash,"Vocalista con traje formal, guitarrista y bajista con traje semi formal y baterista con polera y pantalón normal",No,No,Si. El vocalista comienza a tocar el teclado,No,Luces led pequeñas distribuidas y una letra K en grande,No,https://youtu.be/FPNwqLGlTmA?si=frK5RZhUU9ufq-pj
2011,The Killers,0:08:21,Pantallas mostrando a la banda,Luces rojas y azules intermitentes,"Vocalista con traje formal, guitarrista y bajista con traje semi formal y baterista con polera y pantalón normal",No,No,Si. El vocalista comienza a tocar el teclado,No,Luces led pequeñas distribuidas y una letra K en grande,No,https://youtu.be/FPNwqLGlTmA?si=frK5RZhUU9ufq-pj
2011,The Killers,0:02:41,Pantallas mostrando a la banda,Luces rojas y amarillas intermitentes,"Vocalista con traje formal, guitarrista y bajista con traje semi formal y baterista con polera y pantalón normal",No,No,Si. El bajista hace un solo,No,Luces led pequeñas distribuidas y una letra K en grande,No,https://youtu.be/SY983dBD-mU?si=7BmqSQVtb9PBlzX-
2011,The Killers,0:04:46,Pantallas mostrando a la banda,Luces rojas que iluminan al público,"Vocalista con traje formal, guitarrista y bajista con traje semi formal y baterista con polera y pantalón normal",No,No,Si. El vocalista comienza a corear con la gente,No,Luces led pequeñas distribuidas y una letra K en grande,No,https://youtu.be/SY983dBD-mU?si=7BmqSQVtb9PBlzX-
2011,Jane's Addiction,NA,NA,NA,NA,NA,NA,NA,NA,NA,NA,NA
2011,Kanye West,NA,NA,NA,NA,NA,NA,NA,NA,NA,NA,NA
2012,Björk ,NA,NA,NA,NA,NA,NA,NA,NA,NA,NA,NA
2012,Foo Fighters ,NA,NA,NA,NA,NA,NA,NA,NA,NA,NA,NA
2012,Arctic Monkeys,NA,NA,NA,NA,NA,NA,NA,NA,NA,NA,NA
2013,Pearl Jam,NA,NA,NA,NA,NA,NA,NA,NA,NA,NA,NA
2013,Queens Of The Stone Age,NA,NA,NA,NA,NA,NA,NA,NA,NA,NA,NA
2013,The Black Keys ,NA,NA,NA,NA,NA,NA,NA,NA,NA,NA,NA
2013,deadmau5,NA,NA,NA,NA,NA,NA,NA,NA,NA,NA,NA
2014,Nine Inch Nails,NA,NA,NA,NA,NA,NA,NA,NA,NA,NA,NA
2014,Red Hot Chili Peppers,NA,NA,NA,NA,NA,NA,NA,NA,NA,NA,NA
2014,Arcade Fire,NA,NA,NA,NA,NA,NA,NA,NA,NA,NA,NA
2014,Soundgarden,NA,NA,NA,NA,NA,NA,NA,NA,NA,NA,NA
2015,The Smashing Pumpkins,NA,NA,NA,NA,NA,NA,NA,NA,NA,NA,NA
2015,Jack White,NA,NA,NA,NA,NA,NA,NA,NA,NA,NA,NA
2015,Foster the People,NA,NA,NA,NA,NA,NA,NA,NA,NA,NA,NA
2015,Skrillex,NA,NA,NA,NA,NA,NA,NA,NA,NA,NA,NA
2015,Robert Plant,NA,NA,NA,NA,NA,NA,NA,NA,NA,NA,NA
2015,Kings of Leon,NA,NA,NA,NA,NA,NA,NA,NA,NA,NA,NA
2015,Calvin Harris,NA,NA,NA,NA,NA,NA,NA,NA,NA,NA,NA
2016,Eminem,NA,NA,NA,NA,NA,NA,NA,NA,NA,NA,NA
2016,Florence and the Machine,0:02:32,Pantalla en negro.,Focos con luces azules y blancas.,"La vocalista utiliza un vestido largo color celeste, una corona de flores rosadas sobre la cabeza y está descalza. ",No,No,No,No,Sólo se aprecian los instrumentos desplegados por el escenario y focos ordenados en hilera detrás de la banda instrumental.,No,https://youtu.be/2UxZsKyHehw?si=slxT4L2H61wxtm3j 
2016,Florence and the Machine,0:04:15,Pantalla en negro.,Focos con luces azules y blancas.,"La vocalista utiliza un vestido largo color celeste, una corona de flores rosadas sobre la cabeza y está descalza. ",No,"Sí. Si bien no es un baile coreografiado, la vocalista se expresa corporalmente al ritmo de la canción.","Sí. La banda instrumental está compuesta por una batería, bajo, guitarra eléctrica, un arpa, trompetas, coristas, entre otros.",No,Sólo se aprecian los instrumentos desplegados por el escenario y focos ordenados en hilera detrás de la banda instrumental.,No,https://youtu.be/2UxZsKyHehw?si=slxT4L2H61wxtm3j 
2016,Florence and the Machine,0:07:13,Pantalla en negro.,Focos con luces azules y blancas.,"La vocalista utiliza un vestido largo color celeste, una corona de flores rosadas sobre la cabeza y está descalza. ",No,"Sí. Si bien no es un baile coreografiado, la vocalista da saltos mientras agarra una pandereta.","Sí. La banda instrumental está compuesta por una batería, bajo, guitarra eléctrica, un arpa, trompetas, coristas, entre otros.",No,Sólo se aprecian los instrumentos desplegados por el escenario y focos ordenados en hilera detrás de la banda instrumental.,No,https://youtu.be/2UxZsKyHehw?si=slxT4L2H61wxtm3j 
2016,Florence and the Machine,0:36:16,Pantalla en negro.,Se perciben solo focos con luces blancas.,"La vocalista utiliza un vestido largo color celeste, una corona de flores rosadas sobre la cabeza y está descalza. ",No,No,No,"Sí. La vocalista comenta que es la última noche de su tour y que está feliz de terminarla en Chile, además de ser la primera vez que se presentan en él.",Sólo se aprecian los instrumentos desplegados por el escenario y focos ordenados en hilera detrás de la banda instrumental.,No,https://youtu.be/2UxZsKyHehw?si=slxT4L2H61wxtm3j 
2016,Florence and the Machine,0:38:09,Se muestra un fondo brillante con un patrón de mosaico de espejos en tonos azules.,Se perciben solo focos con luces azules.,"La vocalista utiliza un vestido largo color celeste, una corona de flores rosadas sobre la cabeza y está descalza. ",No,"Sí. Si bien no es un baile coreografiado, la vocalista se expresa corporalmente dando giros mientras se desplaza por el escenario.","Sí. La banda instrumental está compuesta por una batería, bajo, guitarra eléctrica, un arpa, coristas, entre otros.",No,Sólo se aprecian los instrumentos desplegados por el escenario y focos ordenados en hilera detrás de la banda instrumental.,No,https://youtu.be/2UxZsKyHehw?si=slxT4L2H61wxtm3j 
2016,Florence and the Machine,0:41:41,Se muestra un fondo brillante con un patrón de mosaico de espejos en tonos azules.,Se perciben solo focos con luces azules.,"La vocalista utiliza un vestido largo color celeste, una corona de flores rosadas sobre la cabeza y está descalza. ",No,"Sí. La vocalista se expresa corporalmente al ritmo de la canción, moviendo y agitando sus brazos.","Sí. La banda instrumental está compuesta por una batería, bajo, guitarra eléctrica, un arpa, trompetas, coristas, entre otros.",No,Sólo se aprecian los instrumentos desplegados por el escenario y focos ordenados en hilera detrás de la banda instrumental.,No,https://youtu.be/2UxZsKyHehw?si=slxT4L2H61wxtm3j 
2016,Florence and the Machine,0:48:26,Pantalla en negro.,Focos con luces azules y blancas.,"La vocalista utiliza un vestido largo color celeste, una corona de flores rosadas sobre la cabeza y está descalza. ",No,No,"Sí. Hay una intervención de percusión donde la vocalista se suma al baterista, mientras la guitarra eléctrica acompaña de fondo.",No,Sólo se aprecian los instrumentos desplegados por el escenario y focos ordenados en hilera detrás de la banda instrumental.,No,https://youtu.be/2UxZsKyHehw?si=slxT4L2H61wxtm3j 
2016,Florence and the Machine,0:49:23,Pantalla en negro.,Focos con luces azules cambian a rojos.,"La vocalista utiliza un vestido largo color celeste, una corona de flores rosadas sobre la cabeza y está descalza. ",No,No,"Sí. Hay una intervención de percusión donde la vocalista se suma al baterista, mientras la guitarra eléctrica acompaña de fondo.",No,Sólo se aprecian los instrumentos desplegados por el escenario y focos ordenados en hilera detrás de la banda instrumental.,No,https://youtu.be/2UxZsKyHehw?si=slxT4L2H61wxtm3j 
2016,Florence and the Machine,0:50:55,Se muestra un fondo brillante con un patrón de mosaico de espejos en tonos rojos.,Focos con luces rojas.,"La vocalista utiliza un vestido largo color celeste, una corona de flores rosadas sobre la cabeza y está descalza. ",No,No,"Sí. La banda instrumental está compuesta por una batería, bajo, guitarra eléctrica, un arpa, trompetas, coristas, entre otros.",No,Sólo se aprecian los instrumentos desplegados por el escenario y focos ordenados en hilera detrás de la banda instrumental.,No,https://youtu.be/2UxZsKyHehw?si=slxT4L2H61wxtm3j 
2016,Florence and the Machine,1:19:35,Se muestra un fondo brillante con un patrón de mosaico de espejos en tonos grises.,Luces blancas se encienden de forma intermitente al ritmo de la canción.,"La vocalista utiliza un vestido largo color celeste, una corona de flores rosadas sobre la cabeza y está descalza. ",No,Sí. La vocalista se expresa corporalmente al ritmo de la canción.,"Sí. Solo se escucha la melodía de la guitarra eléctrica y la batería de fondo, junto con las coristas.",No,Sólo se aprecian los instrumentos desplegados por el escenario y focos ordenados en hilera detrás de la banda instrumental.,No,https://youtu.be/2UxZsKyHehw?si=slxT4L2H61wxtm3j 
2016,Florence and the Machine,1:20:43,Se muestra un fondo brillante con un patrón de mosaico de espejos en tonos grises.,Focos con luces blancas.,"La vocalista utiliza un vestido largo color celeste, una corona de flores rosadas sobre la cabeza y está descalza. ",No,No,"Sí. La banda instrumental está compuesta por una batería, bajo, guitarra eléctrica, un arpa, trompetas, coristas, entre otros.",Sí. La vocalista bajó del escenario para interactuar físicamente con el público mientras canta.,Sólo se aprecian los instrumentos desplegados por el escenario y focos ordenados en hilera detrás de la banda instrumental.,No,https://youtu.be/2UxZsKyHehw?si=slxT4L2H61wxtm3j 
2016,Florence and the Machine,1:28:12,Se muestra un fondo brillante con un patrón de mosaico de espejos en tonos grises.,"Intercala entre luces destellantes azules, blancas y rojas. Además, los focos en tono amarillo se encienden de forma intermitente.","La vocalista utiliza un vestido largo color celeste, una corona de flores rosadas sobre la cabeza y está descalza. ",No,No,"Sí. La banda instrumental está compuesta por una batería, bajo, guitarra eléctrica, un arpa, trompetas, coristas, entre otros.",No,Sólo se aprecian los instrumentos desplegados por el escenario y focos ordenados en hilera detrás de la banda instrumental.,No,https://youtu.be/2UxZsKyHehw?si=slxT4L2H61wxtm3j 
2016,Jack Ü,NA,NA,NA,NA,NA,NA,NA,NA,NA,NA,NA
2016,Mumford & Sons,NA,NA,NA,NA,NA,NA,NA,NA,NA,NA,NA
2017,Metallica,0:01:17,La pantalla está dividida en tres y se transmite el despliegue de la banda en el escenario.,"Luces destellantes blancas de alta intensidad y cegadoras, sincronizadas con el ritmo de la canción.","Todos los integrantes visten ropa negra y diferente entre sí, como chaquetas, jeans y poleras negras.",No,No,"Sí. La banda está compuesta por el vocalista (y guitarrista), el bajista, el guitarrista y el baterista. ",No,Sólo se aprecian los instrumentos desplegados por el escenario y focos con luces de colores por alrededor de las pantallas y costados.,No,https://youtu.be/8ijJgQ5DI9E?si=6H93yy2uGcrPfF5g 
2017,Metallica,0:03:30,Transmite el despliegue de la banda en el escenario.,Focos con luces destellantes blancas de alta intensidad.,"Todos los integrantes visten ropa negra y diferente entre sí, como chaquetas, jeans y poleras negras.",No,No,"Sí. La banda está compuesta por el vocalista (y guitarrista), el bajista, el guitarrista y el baterista. ","Sí. El vocalista menciona ""Santiago"" cuando la canción está por finalizar y el público reacciona eufórico.",Sólo se aprecian los instrumentos desplegados por el escenario y focos con luces de colores por alrededor de las pantallas y costados.,No,https://youtu.be/8ijJgQ5DI9E?si=6H93yy2uGcrPfF5g 
2017,Metallica,0:09:49,Transmite el despliegue de la banda en el escenario.,Focos con luces destellantes blancas de alta intensidad.,"Todos los integrantes visten ropa negra y diferente entre sí, como chaquetas, jeans y poleras negras.",No,No,"Sí. La banda está compuesta por el vocalista (y guitarrista), el bajista, el guitarrista y el baterista. ","Sí. El vocalista saluda al público, interactúa con ellos y les dice ""¿Todos bien? "", entre otras cosas segundos después.",Sólo se aprecian los instrumentos desplegados por el escenario y focos con luces de colores por alrededor de las pantallas y costados.,No,https://youtu.be/8ijJgQ5DI9E?si=6H93yy2uGcrPfF5g 
2017,Metallica,0:59:19,La pantalla está dividida en dos y se transmite el despliegue del guitarrista.,Focos con luces azules y otras destellantes blancas de alta intensidad.,"Todos los integrantes visten ropa negra y diferente entre sí, como chaquetas, jeans y poleras negras.",No,No,Sí. La guitarra eléctrica sobresale con un solo instrumental.,No,Sólo se aprecian los instrumentos desplegados por el escenario y focos con luces de colores por alrededor de las pantallas y costados.,No,https://youtu.be/8ijJgQ5DI9E?si=6H93yy2uGcrPfF5g 
2017,Metallica,1:02:14,Transmite el despliegue de la banda en el escenario con un filtro.,"Luces destellantes blancas de alta intensidad y cegadoras, sincronizadas con el ritmo de la canción.","Todos los integrantes visten ropa negra y diferente entre sí, como chaquetas, jeans y poleras negras.",No,No,"Sí. La banda está compuesta por el vocalista (y guitarrista), el bajista, el guitarrista y el baterista. ","Sí. El vocalista menciona ""Santiago"" y el público reacciona eufórico.",Sólo se aprecian los instrumentos desplegados por el escenario y focos con luces de colores por alrededor de las pantallas y costados.,No,https://youtu.be/8ijJgQ5DI9E?si=6H93yy2uGcrPfF5g 
2017,Metallica,1:04:12,En negro,Focos con luces blancas estáticas de alta intensidad.,"Todos los integrantes visten ropa negra y diferente entre sí, como chaquetas, jeans y poleras negras.",No,No,No,"Sí. El vocalista le dice al público que está orgulloso de ellos (Santiago). Luego de unos segundos sigue la conversación, pregúntandole entre otras cosas si es que les gusta el heavy metal.",Sólo se aprecian los instrumentos desplegados por el escenario y focos con luces de colores por alrededor de las pantallas y costados.,No,https://youtu.be/8ijJgQ5DI9E?si=6H93yy2uGcrPfF5g 
2017,Metallica,2:01:36,Transmite el despliegue de la banda en el escenario.,Focos con luces azules y otras destellantes blancas de alta intensidad.,"Todos los integrantes visten ropa negra y diferente entre sí, como chaquetas, jeans y poleras negras.",No,No,Sí. La guitarra eléctrica sobresale con un solo instrumental mientras se escuchan a su vez los demás instrumentos de la banda.,No,Sólo se aprecian los instrumentos desplegados por el escenario y focos con luces de colores por alrededor de las pantallas y costados.,No,https://youtu.be/8ijJgQ5DI9E?si=6H93yy2uGcrPfF5g 
2017,Metallica,2:03:58,Transmite el despliegue de la banda en el escenario y al público.,"Luces destellantes blancas de alta intensidad sincronizadas con el ritmo de la canción, y focos con luces azules.","Todos los integrantes visten ropa negra y diferente entre sí, como chaquetas, jeans y poleras negras.",No,No,"Sí. La banda está compuesta por el vocalista (y guitarrista), el bajista, el guitarrista y el baterista. ","Sí. El vocalista alza el brazo hacia arriba mientras lanza un grito, de forma que el público imite esta acción.",Sólo se aprecian los instrumentos desplegados por el escenario y focos con luces de colores por alrededor de las pantallas y costados.,No,https://youtu.be/8ijJgQ5DI9E?si=6H93yy2uGcrPfF5g 
2017,Metallica,2:09:10,Transmite el despliegue de la banda en el escenario y al público.,Focos con luces blancas estáticas de alta intensidad.,"Todos los integrantes visten ropa negra y diferente entre sí, como chaquetas, jeans y poleras negras.",No,No,No,"Sí. El vocalista se despide agradeciendo al público, diciendoles que son hermosos e increíbles.",Sólo se aprecian los instrumentos desplegados por el escenario y focos con luces de colores por alrededor de las pantallas y costados.,No,https://youtu.be/8ijJgQ5DI9E?si=6H93yy2uGcrPfF5g 
2017,The Strokes,NA,NA,NA,NA,NA,NA,NA,NA,NA,NA,NA
2017,The XX,NA,NA,NA,NA,NA,NA,NA,NA,NA,NA,NA
2017,The Weeknd,NA,NA,NA,NA,NA,NA,NA,NA,NA,NA,NA
2018,Pearl Jam,NA,NA,NA,NA,NA,NA,NA,NA,NA,NA,NA
2018,Red Hot Chili Peppers,0:01:09,"Pantalla central con forma de semicírculo  que transmite el desplazamiento de los artistas en el escenario mientras tocan sus respectivos instrumentos, utilizando un filtro en blanco y negro.",Focos con luces blancas que forman un arco alrededor de la pantalla principal.,Todos los integrantes visten ropa muy colorida y diferente entre sí.,No,No,"Sí. La batería, el bajo y la guitarra eléctrica realizan una introducción instrumental.",No,Sólo se aprecian los instrumentos desplegados por el escenario y focos con luces de colores por alrededor de las pantallas y costados.,No,https://youtu.be/c_Hjvw0PUa8?si=dbbMhZx1SEb5mF3x 
2018,Red Hot Chili Peppers,0:03:44,"Pantalla central con forma de semicírculo que transmite el desplazamiento de los artistas en el escenario mientras tocan sus respectivos instrumentos, utilizando un filtro en blanco y negro.",Focos con luces blancas que forman un arco alrededor de la pantalla principal.,Todos los integrantes visten ropa muy colorida y diferente entre sí.,No,No,"Sí. La banda instrumental está compuesta por una batería, un bajo, una guitarra eléctrica y el vocalista.",No,Sólo se aprecian los instrumentos desplegados por el escenario y focos con luces de colores por alrededor de las pantallas y costados.,No,https://youtu.be/c_Hjvw0PUa8?si=dbbMhZx1SEb5mF3x 
2018,Red Hot Chili Peppers,0:07:59,En negro,El foco ilumina con su potente luz blanca al baterista en medio de la oscuridad.,Todos los integrantes visten ropa muy colorida y diferente entre sí.,No,No,Sí. La batería realiza un solo instrumental.,"Sí. Se escucha la voz de uno de los integrantes decir ""mucho amor Chile"", y unos segundos después se escucha ""siempre amor por todos, siempre"".",Sólo se aprecian los instrumentos desplegados por el escenario y focos con luces de colores por alrededor de las pantallas y costados.,No,https://youtu.be/c_Hjvw0PUa8?si=dbbMhZx1SEb5mF3x 
2018,Red Hot Chili Peppers,0:38:53,Pantalla central con forma de semicírculo que transmite el desplazamiento de los artistas en el escenario mientras tocan sus respectivos instrumentos.,Focos con luces blancas que forman un arco alrededor de la pantalla principal.,Todos los integrantes visten ropa muy colorida y diferente entre sí.,No,No,Sí. El bajo y la guitarra eléctrica realizan un solo instrumental.,No,Sólo se aprecian los instrumentos desplegados por el escenario y focos con luces de colores por alrededor de las pantallas y costados.,No,https://youtu.be/c_Hjvw0PUa8?si=dbbMhZx1SEb5mF3x 
2018,Red Hot Chili Peppers,0:42:56,"Pantalla central con forma de semicírculo que muestra tonos anaranjados. Sobre ella, se proyectan cuatro pantallas circulares independientes que transmiten el desplazamiento de los artistas con efectos de colores saturados.",Focos con luces rojas alrededor de cada pantalla.,Todos los integrantes visten ropa muy colorida y diferente entre sí.,No,No,"Sí. La banda instrumental está compuesta por una batería, un bajo, una guitarra eléctrica y el vocalista.",No,Sólo se aprecian los instrumentos desplegados por el escenario y focos con luces de colores por alrededor de las pantallas y costados.,No,https://youtu.be/c_Hjvw0PUa8?si=dbbMhZx1SEb5mF3x 
2018,Red Hot Chili Peppers,0:48:13,Pantalla central con forma de semicírculo que transmite el desplazamiento de los artistas en el escenario mientras tocan sus respectivos instrumentos.,Focos con luces moradas alrededor de cada pantalla.,Todos los integrantes visten ropa muy colorida y diferente entre sí.,No,No,"Sí. La banda instrumental está compuesta por una batería, un bajo, una guitarra eléctrica y el vocalista.",Sí. El vocalista les dice unas palabras al público.,Sólo se aprecian los instrumentos desplegados por el escenario y focos con luces de colores por alrededor de las pantallas y costados.,No,https://youtu.be/c_Hjvw0PUa8?si=dbbMhZx1SEb5mF3x 
2018,Red Hot Chili Peppers,0:50:41,Pantalla central con forma de semicírculo que transmite el desplazamiento de los artistas en el escenario mientras tocan sus respectivos instrumentos.,Focos con luces verdes alrededor de cada pantalla.,Todos los integrantes visten ropa muy colorida y diferente entre sí.,No,No,Sí. Se escucha toda la banda instrumental pero se luce la guitarra eléctrica.,No,Sólo se aprecian los instrumentos desplegados por el escenario y focos con luces de colores por alrededor de las pantallas y costados.,No,https://youtu.be/c_Hjvw0PUa8?si=dbbMhZx1SEb5mF3x 
2018,Red Hot Chili Peppers,0:53:15,Pantalla central con forma de semicírculo que transmite el desplazamiento de los artistas en el escenario mientras tocan sus respectivos instrumentos.,Focos con luces verdes alrededor de cada pantalla.,Todos los integrantes visten ropa muy colorida y diferente entre sí.,No,"Sí. Si bien no es un baile coreografiado, los artistas se expresan corporalmente al ritmo de la canción, en especial el vocalista.",Sí. Se escucha toda la banda instrumental pero se luce la guitarra eléctrica.,No,Sólo se aprecian los instrumentos desplegados por el escenario y focos con luces de colores por alrededor de las pantallas y costados.,No,https://youtu.be/c_Hjvw0PUa8?si=dbbMhZx1SEb5mF3x 
2018,Red Hot Chili Peppers,1:27:51,"Pantalla central con forma de semicírculo que transmite el desplazamiento de los artistas en el escenario mientras tocan sus respectivos instrumentos, utilizando efectos de colores saturados.",Luces destellantes verdes en la parte superior del escenario y focos con luces azules que forman un arco alrededor de la pantalla principal.,Todos los integrantes visten ropa muy colorida y diferente entre sí.,No,"Sí. Si bien no es un baile coreografiado, los artistas se expresan corporalmente al ritmo de la canción, en especial el vocalista.","Sí. La banda instrumental está compuesta por una batería, un bajo, una guitarra eléctrica y el vocalista.",No,Sólo se aprecian los instrumentos desplegados por el escenario y focos con luces de colores por alrededor de las pantallas y costados.,No,https://youtu.be/c_Hjvw0PUa8?si=dbbMhZx1SEb5mF3x 
2018,Red Hot Chili Peppers,1:29:52,En negro,Focos con luces blancas.,Todos los integrantes visten ropa muy colorida y diferente entre sí.,No,"Sí. Si bien no es un baile coreografiado, los artistas se expresan corporalmente al ritmo de la canción, en especial el bajista.","Sí. La banda instrumental está compuesta por una batería, un bajo, una guitarra eléctrica y el vocalista.",No,Sólo se aprecian los instrumentos desplegados por el escenario y focos con luces de colores por alrededor de las pantallas y costados.,No,https://youtu.be/c_Hjvw0PUa8?si=dbbMhZx1SEb5mF3x 
2018,Red Hot Chili Peppers,1:34:58,En negro,Focos con luces rojas.,Todos los integrantes visten ropa muy colorida y diferente entre sí.,No,No,"Sí. La banda instrumental está compuesta por una batería, un bajo, una guitarra eléctrica y el vocalista.","Sí. El vocalista se despide en nombre de la banda con unas palabras hacia el público, entre ellas algunas en español. ",Sólo se aprecian los instrumentos desplegados por el escenario y focos con luces de colores por alrededor de las pantallas y costados.,No,https://youtu.be/c_Hjvw0PUa8?si=dbbMhZx1SEb5mF3x 
2018,Chance the Rapper,NA,NA,NA,NA,NA,NA,NA,NA,NA,NA,NA
2018,The Killers,NA,NA,NA,NA,NA,NA,NA,NA,NA,NA,NA
2018,LCD Soundsystem,NA,NA,NA,NA,NA,NA,NA,NA,NA,NA,NA
2018,Imagine Dragons,NA,NA,NA,NA,NA,NA,NA,NA,NA,NA,NA
2018,Lana del Rey,0:02:00,Se muestra un video del paisaje de una playa en blanco y negro.,Focos con luces blancas y tonalidades azules. Destaca un foco de seguimiento a la artista con luz blanca.,Vestido azul marino con flores blancas y rojas y botas tipo bucaneras negras.,No,No,Sí. Se escuchan las notas que toca el piano.,"Sí. La artista entra al escenario saludando con la mano al público para luego hablarles. Dentro de sus palabras se escucha un ""Hola Chile""  y menciona que ha vuelto al país.","El escenario está ornamentado con un ambiente de playa, donde se pueden apreciar palmeras ficticias y sillas de playa a sus costados, además de pasto en el suelo.",No,https://youtu.be/QXlaX0vCO68?si=0hnsInMhBKFeqa6s
2018,Lana del Rey,0:07:49,Transmite el desenvolvimiento de la artista en el escenario en un tono blanco y negro.,Focos con luces blancas que parpadean al ritmo de la canción y focos con luces rojas estáticas.,Vestido azul marino con flores blancas y rojas y botas tipo bucaneras negras.,No,Sí. La artista y sus bailarinas de apoyo cantan y hacen una coreografía al ritmo de la canción.,"Sí. Se escucha al piano, el teclado, la batería y se suma la guitarra eléctrica.",No,"El escenario está ornamentado con un ambiente de playa, donde se pueden apreciar palmeras ficticias y sillas de playa a sus costados, además de pasto en el suelo.",No,https://youtu.be/QXlaX0vCO68?si=0hnsInMhBKFeqa6s
2018,Lana del Rey,0:09:35,Se muestra un video del paisaje de una playa y mariposas brillantes en tonalidades rojas.,Destaca un foco de seguimiento a la artista con luz blanca.,Vestido azul marino con flores blancas y rojas y botas tipo bucaneras negras.,No,No,Sí. La guitarra eléctrica acompaña a la artista mientras canta.,No,"El escenario está ornamentado con un ambiente de playa, donde se pueden apreciar palmeras ficticias y sillas de playa a sus costados, además de pasto en el suelo.",No,https://youtu.be/QXlaX0vCO68?si=0hnsInMhBKFeqa6s
2018,Lana del Rey,0:22:42,Se muestra un video del paisaje de una playa en blanco y negro.,Destaca un foco de seguimiento a la artista con luz blanca.,Vestido azul marino con flores blancas y rojas y botas tipo bucaneras negras.,No,No,No,Sí. La artista anuncia la siguiente canción mientras deja en el suelo un cuadro y la bandera de Chile.,"El escenario está ornamentado con un ambiente de playa, donde se pueden apreciar palmeras ficticias y sillas de playa a sus costados, además de pasto en el suelo.",No,https://youtu.be/QXlaX0vCO68?si=0hnsInMhBKFeqa6s
2018,Lana del Rey,0:24:20,Transmite el desenvolvimiento de la artista en el escenario en un tono blanco y negro.,Destaca un foco de seguimiento a la artista con luz blanca.,Vestido azul marino con flores blancas y rojas y botas tipo bucaneras negras.,No,No,Sí. Se escucha la guitarra eléctrica y la batería.,Sí. La artista dirige el micrófono con su mano derecha al público para que canten mientras ella fuma con la mano izquierda.,"El escenario está ornamentado con un ambiente de playa, donde se pueden apreciar palmeras ficticias y sillas de playa a sus costados, además de pasto en el suelo.",No,https://youtu.be/QXlaX0vCO68?si=0hnsInMhBKFeqa6s
2018,Lana del Rey,0:29:32,Se muestra un video en estilo cinematográfico donde se percibe a la artista y otras personas.,Focos con luces blancas y tonalidades azules. Destaca un foco de seguimiento a la artista con luz blanca.,Vestido azul marino con flores blancas y rojas y botas tipo bucaneras negras.,No,"Sí. Si bien no es un baile coreografiado, la artista se expresa corporalmente al ritmo de la canción.","Sí. Se escucha al piano, el teclado, la batería y la guitarra eléctrica.",Sí. La artista dirige el micrófono con su mano derecha al público para que canten mientras ella baila.,"El escenario está ornamentado con un ambiente de playa, donde se pueden apreciar palmeras ficticias y sillas de playa a sus costados, además de pasto en el suelo.",No,https://youtu.be/QXlaX0vCO68?si=0hnsInMhBKFeqa6s
2018,Lana del Rey,0:30:30,Se muestra un video del paisaje de una playa en blanco y negro.,Destaca un foco de seguimiento a la artista con luz blanca.,Vestido azul marino con flores blancas y rojas y botas tipo bucaneras negras.,No,No,No,Sí. La artista le dice al público que son increíbles y que tienen una increíble energía.,"El escenario está ornamentado con un ambiente de playa, donde se pueden apreciar palmeras ficticias y sillas de playa a sus costados, además de pasto en el suelo.",No,https://youtu.be/QXlaX0vCO68?si=0hnsInMhBKFeqa6s
2018,Lana del Rey,0:37:48,Se muestra una imagen de el letrero de Hollywood en el Monte Lee en blanco y negro.,Focos con luces estáticas rojas y luces destellantes blancas. Destaca un foco de seguimiento a la artista con luz blanca.,Vestido azul marino con flores blancas y rojas y botas tipo bucaneras negras.,No,Sí. La artista hace una coreografía al ritmo de la canción.,"Sí. Se escucha al piano, el teclado, la batería y la guitarra eléctrica.",No,"El escenario está ornamentado con un ambiente de playa, donde se pueden apreciar palmeras ficticias y sillas de playa a sus costados, además de pasto en el suelo.",No,https://youtu.be/QXlaX0vCO68?si=0hnsInMhBKFeqa6s
2018,Lana del Rey,0:40:10,Se muestra un video del paisaje de una playa en blanco y negro.,Focos con luces blancas y tonalidades azules. Destaca un foco de seguimiento a la artista con luz blanca.,Vestido azul marino con flores blancas y rojas y botas tipo bucaneras negras.,No,No,No,"Sí. La artista le comenta al público de qué trata la canción que cantará a continuación, la que además es su favorita.","El escenario está ornamentado con un ambiente de playa, donde se pueden apreciar palmeras ficticias y sillas de playa a sus costados, además de pasto en el suelo.",No,https://youtu.be/QXlaX0vCO68?si=0hnsInMhBKFeqa6s
2018,Lana del Rey,0:55:18,Se muestra un video del sol con un cielo anaranjado.,Focos con luces rojas. Destaca un foco de seguimiento a la artista con luz blanca.,Vestido azul marino con flores blancas y rojas y botas tipo bucaneras negras.,No,"Sí. Si bien no es un baile coreografiado, la artista se expresa corporalmente al ritmo de la canción.","Sí. Se escucha al piano, el teclado, la batería y la guitarra eléctrica.",Sí. La artista dirige el micrófono con su mano derecha al público para que canten mientras ella baila.,"El escenario está ornamentado con un ambiente de playa, donde se pueden apreciar palmeras ficticias y sillas de playa a sus costados, además de pasto en el suelo.",No,https://youtu.be/QXlaX0vCO68?si=0hnsInMhBKFeqa6s
2018,Lana del Rey,0:59:19,Se muestra un video de apuestas en blanco y negro.,Focos con luces blancas y tonalidades azules. Destaca un foco de seguimiento a la artista con luz blanca.,Vestido azul marino con flores blancas y rojas y botas tipo bucaneras negras.,No,Sí. La artista y sus bailarinas de apoyo cantan y hacen una coreografía al ritmo de la canción.,"Sí. Se escucha al piano, el teclado, la batería y la guitarra eléctrica.",No,"El escenario está ornamentado con un ambiente de playa, donde se pueden apreciar palmeras ficticias y sillas de playa a sus costados, además de pasto en el suelo.",No,https://youtu.be/QXlaX0vCO68?si=0hnsInMhBKFeqa6s
2018,Lana del Rey,1:03:03,Se muestra un video de fuegos artificiales rojos.,Luces destellantes blancas y focos estáticos con luces naranjas.,Vestido azul marino con flores blancas y rojas y botas tipo bucaneras negras.,No,No,"Sí. Se escucha al piano, el teclado, la batería y la guitarra eléctrica.",Sí. La artista bajó del escenario para tirar besos al aire y recibir los regalos del público.,"El escenario está ornamentado con un ambiente de playa, donde se pueden apreciar palmeras ficticias y sillas de playa a sus costados, además de pasto en el suelo.",No,https://youtu.be/QXlaX0vCO68?si=0hnsInMhBKFeqa6s
2019,Kendrick Lamar,NA,NA,NA,NA,NA,NA,NA,NA,NA,NA,NA
2019,Twenty One Pilots,NA,NA,NA,NA,NA,NA,NA,NA,NA,NA,NA
2019,Arctic Monkeys,NA,NA,NA,NA,NA,NA,NA,NA,NA,NA,NA
2019,Lenny Kravitz,NA,NA,NA,NA,NA,NA,NA,NA,NA,NA,NA
2019,Post Malone,0:01:29,En negro,Intercala entre tonos rosados y morados neón.,Conjunto rosado con brillos y estampado de criaturas felinas y serpientes,No,No,No,No," No presenta, sólo se aprecian focos con luces de colores en forma de hilera en la parte de arriba y del suelo del escenario.",No,https://youtu.be/i4uR6g4Ldu8?si=Ysrn15A5ik_5Bmsj 
2019,Post Malone,0:04:28,En negro,Luces destellantes en verde neón y blanco.,Conjunto rosado con muchos brillos y estampado de felinos y serpientes,No,No,No,No," No presenta, sólo se aprecian focos con luces de colores en forma de hilera en la parte de arriba y del suelo del escenario.",No,https://youtu.be/i4uR6g4Ldu8?si=Ysrn15A5ik_5Bmsj 
2019,Post Malone,0:05:13,En negro,Luces destellantes en verde neón y blanco.,Conjunto rosado con muchos brillos y estampado de felinos y serpientes,No,No,No,No," No presenta, sólo se aprecian focos con luces de colores en forma de hilera en la parte de arriba y del suelo del escenario.",No,https://youtu.be/i4uR6g4Ldu8?si=Ysrn15A5ik_5Bmsj 
2019,Post Malone,0:33:35,Transmite el desplazamiento del artista en el escenario.,Luces destellantes en azul neón y blanco.,Conjunto rosado con muchos brillos y estampado de felinos y serpientes,No,No,No,Sí. El artista hace gestos con las manos aludiendo a que canten la canción.," No presenta, sólo se aprecian focos con luces de colores en forma de hilera en la parte de arriba y del suelo del escenario.",No,https://youtu.be/i4uR6g4Ldu8?si=Ysrn15A5ik_5Bmsj 
2019,Post Malone,0:37:20,Se muestra una gráfica cuadriculada en tono negro y rojo neón.,Luces destellantes en rojo neón y blanco.,Conjunto rosado con muchos brillos y estampado de felinos y serpientes,No,No,No,No," No presenta, sólo se aprecian focos con luces de colores en forma de hilera en la parte de arriba y del suelo del escenario.",No,https://youtu.be/i4uR6g4Ldu8?si=Ysrn15A5ik_5Bmsj 
2019,Post Malone,0:42:14,En negro,Luces rojas se mantienen estáticas.,Conjunto rosado con muchos brillos y estampado de felinos y serpientes,No,No,No,"Sí. Saca un porro preguntando al público si fuman, haciendo referencia a que su próxima canción aborda esa temática."," No presenta, sólo se aprecian focos con luces de colores en forma de hilera en la parte de arriba y del suelo del escenario.",No,https://youtu.be/i4uR6g4Ldu8?si=Ysrn15A5ik_5Bmsj 
2019,Post Malone,0:45:59,En negro,Focos con luces naranjas neones que se apagan gradualmente.,Conjunto rosado con muchos brillos y estampado de felinos y serpientes,No,No,No,Sí. Presenta la canción y su temática e inmediatamente fuma antes de empezar a cantar.," No presenta, sólo se aprecian focos con luces de colores en forma de hilera en la parte de arriba y del suelo del escenario.",No,https://youtu.be/i4uR6g4Ldu8?si=Ysrn15A5ik_5Bmsj 
2019,Post Malone,0:53:04,En negro,"Focos permanecen apagados hasta que empieza la canción y se encienden con luces destellantes en tonos amarillos, rojos y naranjas neones.",Conjunto rosado con muchos brillos y estampado de felinos y serpientes,No,No,No,"Sí. El artista interactúa con el público en base a la canción ""Sunflower"" de Spiderman."," No presenta, sólo se aprecian focos con luces de colores en forma de hilera en la parte de arriba y del suelo del escenario.",No,https://youtu.be/i4uR6g4Ldu8?si=Ysrn15A5ik_5Bmsj 
2019,Post Malone,0:56:02,En negro,Focos con luces amarillas y blancas.,Conjunto rosado con muchos brillos y estampado de felinos y serpientes,No,No,No,No," No presenta, sólo se aprecian focos con luces de colores en forma de hilera en la parte de arriba y del suelo del escenario.",No,https://youtu.be/i4uR6g4Ldu8?si=Ysrn15A5ik_5Bmsj 
2019,Post Malone,1:00:20,En negro,Focos con luces naranjas y blancas.,Conjunto rosado con muchos brillos y estampado de felinos y serpientes,No,No,No,Sí. El artista comenta sobre su vida y reflexiona sobre ella para luego dar paso a la última canción del show que aborda esa temática.," No presenta, sólo se aprecian focos con luces de colores en forma de hilera en la parte de arriba y del suelo del escenario.",No,https://youtu.be/i4uR6g4Ldu8?si=Ysrn15A5ik_5Bmsj 
2019,Post Malone,1:02:00,Transmite el desplazamiento del artista en el escenario.,Luces destellantes en blanco.,Conjunto rosado con muchos brillos y estampado de felinos y serpientes,No,No,No,No  ," No presenta, sólo se aprecian focos con luces de colores en forma de hilera en la parte de arriba y del suelo del escenario.",No,https://youtu.be/i4uR6g4Ldu8?si=Ysrn15A5ik_5Bmsj 
2019,Sam Smith,0:01:02,"Figura triangular en tonalidades amarillas, naranjas y verdes. ",Luces destellantes en rojo neón y blanco.,El artista viste una polera de encaje negra y pantalones de tela negros.,No,No,"Sí. La banda instrumental que lo acompaña está compuesta por una batería, bajo, guitarra eléctrica, piano, coristas, entre otros.",Sí. El artista entra al escenario saludando al público con la mano.," No presenta, sólo se aprecian focos con luces de colores en forma de hilera en la parte de arriba y del suelo del escenario.",No,https://youtu.be/FnwiIyef-KI?si=xrgWP-4y2jJEsUUI 
2019,Sam Smith,0:06:43,Figura triangular en tonalidades rojas que fluctúa al compás de la canción.,Focos con luces amarillas y blancas.,El artista viste una polera de encaje negra y pantalones de tela negros.,No,No,"Sí. Solo la batería lleva el ritmo con el platillo, mientras los demás integrantes de la banda instrumental aplauden. ",Sí. El artista incentiva al público a aplaudir mientras él escucha como corean la canción.," No presenta, sólo se aprecian focos con luces de colores en forma de hilera en la parte de arriba y del suelo del escenario.",No,https://youtu.be/FnwiIyef-KI?si=xrgWP-4y2jJEsUUI 
2019,Sam Smith,0:08:20,Figura triangular en tonalidades anaranjadas.,Focos con luces amarillas y blancas.,El artista viste una polera de encaje negra y pantalones de tela negros.,No,No,Sí. Solo se escucha la melodía del piano de fondo.,"Sí. El artista se dirige al público para decirles que son increíbles, preguntarles cómo lo están pasando y comentar que es su primera vez en el país, entre otras intervenciones previas a interpretar su siguiente canción."," No presenta, sólo se aprecian focos con luces de colores en forma de hilera en la parte de arriba y del suelo del escenario.",No,https://youtu.be/FnwiIyef-KI?si=xrgWP-4y2jJEsUUI 
2019,Sam Smith,0:37:17,Figura triangular en tonalidades rojas y moradas.,Focos con luces rojas y moradas.,El artista viste una polera de encaje negra y pantalones de tela negros.,No,Sí. El artista comienza a bailar coordinadamente junto con las coristas y algunos miembros de la banda instrumental.,"Sí. La banda instrumental que lo acompaña está compuesta por una batería, bajo, guitarra eléctrica, piano, coristas, entre otros.",No," No presenta, sólo se aprecian focos con luces de colores en forma de hilera en la parte de arriba y del suelo del escenario.",No,https://youtu.be/FnwiIyef-KI?si=xrgWP-4y2jJEsUUI 
2019,Sam Smith,0:37:31,Figura triangular en tonalidades rojas y moradas.,Focos con luces rojas y moradas.,El artista viste una polera de encaje negra y pantalones de tela negros.,No,No,Sí. Solo se escucha la melodía de la batería y la guitarra eléctrica de fondo.,Sí. El artista hace un juego de llamada y respuesta con el público para que repitan sus sonidos.," No presenta, sólo se aprecian focos con luces de colores en forma de hilera en la parte de arriba y del suelo del escenario.",No,https://youtu.be/FnwiIyef-KI?si=xrgWP-4y2jJEsUUI 
2019,Sam Smith,0:39:09,Figura triangular en tonalidades anaranjadas.,Focos con luces en tonalidades anaranjadas.,El artista viste una polera de encaje negra y pantalones de tela negros.,No,No,"Sí. Al principio solo se escucha la melodía de la batería, el piano y la guitarra eléctrica de fondo.",Sí. El artista pide al público mover los brazos de lado a lado. ," No presenta, sólo se aprecian focos con luces de colores en forma de hilera en la parte de arriba y del suelo del escenario.",No,https://youtu.be/FnwiIyef-KI?si=xrgWP-4y2jJEsUUI 
2019,Sam Smith,0:45:59,Figura triangular en tonalidades anaranjadas.,Focos con luces naranjas y blancas.,El artista viste una polera de encaje negra y pantalones de tela negros.,No,No,"Sí. La banda instrumental que lo acompaña está compuesta por una batería, bajo, guitarra eléctrica, piano, coristas, entre otros.",No," No presenta, sólo se aprecian focos con luces de colores en forma de hilera en la parte de arriba y del suelo del escenario.",No,https://youtu.be/FnwiIyef-KI?si=xrgWP-4y2jJEsUUI 
2019,Sam Smith,0:50:49,Figura triangular en tonalidades anaranjadas.,Focos con luces naranjas y otros con luces blancas destellantes.,El artista viste una polera de encaje negra y pantalones de tela negros.,No,No,Sí. Solo se escucha la melodía de la guitarra eléctrica de fondo.,Sí. El artista se dirige al público con un mensaje LGBTQ+ en medio de una de sus canciones que hace referencia a ello.," No presenta, sólo se aprecian focos con luces de colores en forma de hilera en la parte de arriba y del suelo del escenario.",No,https://youtu.be/FnwiIyef-KI?si=xrgWP-4y2jJEsUUI 
2019,Sam Smith,1:18:20,Figura triangular en tonalidades anaranjadas.,Focos con luces naranjas y otros con luces blancas destellantes.,"El artista viste una camisa negra con un estampado brillante de ""hojas"" doradas y pantalones de tela negros.",Sí,No,"Sí. La banda instrumental que lo acompaña está compuesta por una batería, bajo, guitarra eléctrica, piano, coristas, entre otros.",Sí. El artista pide al público mover los brazos de lado a lado. ," No presenta, sólo se aprecian focos con luces de colores en forma de hilera en la parte de arriba y del suelo del escenario.",No,https://youtu.be/FnwiIyef-KI?si=xrgWP-4y2jJEsUUI 
2019,Sam Smith,1:22:53,Figura triangular en color blanco.,Focos con luces azules y otros con luces blancas destellantes.,"El artista viste una camisa negra con un estampado brillante de ""hojas"" doradas y pantalones de tela negros.",No,No,"Sí. La banda instrumental que lo acompaña está compuesta por una batería, bajo, guitarra eléctrica, piano, coristas, entre otros.",No," No presenta, sólo se aprecian focos con luces de colores en forma de hilera en la parte de arriba y del suelo del escenario.",No,https://youtu.be/FnwiIyef-KI?si=xrgWP-4y2jJEsUUI 
2019,Sam Smith,1:23:28,Figura triangular en color blanco.,Focos con luces azules y otros con luces blancas destellantes.,"El artista viste una camisa negra con un estampado brillante de ""hojas"" doradas y pantalones de tela negros.",No,No,Sí. Solo se escucha la melodía del piano de fondo.,"Sí. El artista le dice al público que promete volver a Chile, dice que los ama y les agradece."," No presenta, sólo se aprecian focos con luces de colores en forma de hilera en la parte de arriba y del suelo del escenario.",No,https://youtu.be/FnwiIyef-KI?si=xrgWP-4y2jJEsUUI 
2019,Tiësto,NA,NA,NA,NA,NA,NA,NA,NA,NA,NA,NA
2022,Foo Fighters ,:00:01:10 ,La pantalla esta en negro.,"Las luces se mantienen estáticas, son todas amarillas y no tienen tanta potencia.","El vocalista utiliza polera y jeans negros, mientras que los demás miembros utilizan camisas, poleras sin manga, jeans, etc.",No,No,No,Sí. El vocalista mira al público y levanta las manos hacia el aire y hace gestos como si estuviera lanzando besos para entusiasmar a su audiencia.,,No,https://youtu.be/MhEW7Qb_DXc
2022,Foo Fighters,:00:04:34,La pantalla esta en negro.,"La presentación comienza con el uso de unas pocas luces, pero cuando la intensidad de la música aumenta las luces comienzan a cambiar y a iluminar aún más el escenario, hace uso de tonalidades blancas, amarillas y azules.","El vocalista utiliza polera y jeans negros, mientras que los demás miembros utilizan camisas, poleras sin manga, jeans, etc.",No,No,Sí,No,,No,https://youtu.be/MhEW7Qb_DXc
2022,Foo Fighters,:00:06:20,Se muestra el escenario.,Cambio de luces.,"El vocalista utiliza polera y jeans negros, mientras que los demás miembros utilizan camisas, poleras sin manga, jeans, etc.",No,No,Sí,Sí. El vocalista principal se dirige al público y los invita a cantar una canción con él y a levantar sus brazos.,,No,https://youtu.be/MhEW7Qb_DXc
2022,Foo Fighters ,:01:06:51 ,Se enfoca a quien esta tocando un instrumento o hablando.,Las luces se mantienen estáticas y solo son de color blanco.,"El vocalista utiliza polera y jeans negros, mientras que los demás miembros utilizan camisas, poleras sin manga, jeans, etc.",No,No,Sí,"Sí. El vocalista le habla al público y esta introduciendo a cada uno de los miembros de la banda por su nombre para rendir homenaje a su trabajo. Además, les da unos segundos para que puedan lucirse con sus respectivos talentos, por ejemplo, si presenta a quien esta tocando la bateria, entonces le da unos segundos para que haga su ""solo"" con dicho instrumento.",,No,https://youtu.be/MhEW7Qb_DXc
2022,Foo Fighters ,:01:11:28,Se muestra el escenario.,Las luces se mantienen estáticas y son de un tono blanco y amarillo.,"El vocalista utiliza polera y jeans negros, mientras que los demás miembros utilizan camisas, poleras sin manga, jeans, etc.",No,No,"Sí. Cabe señalar que el baterista intercambia lugares con el vocalista, esto dentro del contexto de la presentación que se estaba haciendo de cada integrante de la banda. El baterista hace un homenaje a Queen)","Sí. El baterista le dedica unas palabras al público y realiza la típica interacción que hacia Freddie Mercury: el dice ""eo"" y el público responde.",,No,https://youtu.be/MhEW7Qb_DXc
2022,Foo Fighters ,:01:22:01,Se muestra el escenario.,Las luces bajan y luego se encienden con una tonalidad roja.,"El vocalista utiliza polera y jeans negros, mientras que los demás miembros utilizan camisas, poleras sin manga, jeans, etc.",No,No,Sí,No,,No,https://youtu.be/MhEW7Qb_DXc
2022,Foo Fighters ,:02:06:00,Se muestra el escenario.,Las luces se mantienen estáticas y con tonos blancos y amarillos.,"El vocalista utiliza polera y jeans negros, mientras que los demás miembros utilizan camisas, poleras sin manga, jeans, etc.",No,No,Sí  ,"Sí. El vocalista le habla al público y les dice que quiere oirlos gritar, e incluso detiene la banda en vivo un momento para apreciar bien los gritos.",,No,https://youtu.be/MhEW7Qb_DXc
2022,Foo Fighters,:02:11:45,La pantalla esta en negro y luego se muestra el escenario.,"Las luces bajan hasta quedar casi a oscuras, luego se encienden con tonos azules y blancos. Esto se hace para darle más emoción a la presentación, ya que es la última canción que el grupo toca.","El vocalista utiliza polera y jeans negros, mientras que los demás miembros utilizan camisas, poleras sin manga, jeans, etc.",No,No,Sí,No,,No,https://youtu.be/MhEW7Qb_DXc
2022,Foo Fighters ,:02:13:00,Se muestra el escenario.,Las luces se mantienen estáticas.,"El vocalista utiliza polera y jeans negros, mientras que los demás miembros utilizan camisas, poleras sin manga, jeans, etc.",No,No,Sí,"Sí. Los miembros de la banda pasan al frente del escenario y saludan a la audiencia, hacen gestos lanzando besos y aplauden.",,No,https://youtu.be/MhEW7Qb_DXc
2022,Martin Garrix,:00:00:47,"Primero muestra puntos blancos en un fondo negro y luego gráficas con líneas blancas que se mueven rapidamente. Además tiene una cruz gigante como parte de su escenografía, la que tiene luces.","Aunque al principio casi no se hace uso de las luces, cuando la canción principal comienza a sonar estas comienzan a parpadear con tonalidades blancas.","El artista esta con polera manga corta y jeans, ambos negros.",No,No,"No, ya que al ser un DJ el artista tiene toda su música ya trabajada y la reproduce a través de una consola.","Sí. Cuando inicia su presentación, el artista le grita al público para animarlos.",,No,https://youtu.be/z8JJ0isjCWo
2022,Martin Garrix,:00:04:30,"Muestra líneas que oscilan entre el color rojo y rosado, las que se mueven al ritmo de la canción. A veces aparece una cara del mismo tono.","Hay luces azules tipo ""puntero"" que se dirigen hacia el público.","El artista esta con polera manga corta y jeans, ambos negros.",No,"Sí. Si bien no es un baile coreografiado, el artista hace una especie de baile improvisado, que, para este tipo de música, corresponde más a ""saltos"" con las manos en el aire.","No, ya que al ser un DJ el artista tiene toda su música ya trabajada y la reproduce a través de una consola.",Sí. El artista se mueve del lugar en donde esta su consola y salta junto al público para disfrutar de su propia canción.,,No,https://youtu.be/z8JJ0isjCWo
2022,Martin Garrix,:00:08:25,Muestra,Nuevamente se utilizan luces de tonalidades blancas que parpadean reiteradamente al ritmo de la canción.,"El artista esta con polera manga corta y jeans, ambos negros.",No,No,"No, ya que al ser un DJ el artista tiene toda su música ya trabajada y la reproduce a través de una consola.",Sí. El artista invita al público a hacer aplausos al ritmo de la canción.,,No,https://youtu.be/z8JJ0isjCWo
2022,Martin Garrix,:00:39:23,Intercala entre mostrar al artista y diseños gráficos vinculados a las canciones),"Predominan las luces blancas, amarillas y azules.","El artista esta con polera manga corta y jeans, ambos negros.",No,No,"No, ya que al ser un DJ el artista tiene toda su música ya trabajada y la reproduce a través de una consola.",Sí. El artista invita al público a seguir la letra de la canción y además saca su celular para grabarlos mientras lo hacen.,,No,https://youtu.be/uXOek8kaVhU
2022,Martin Garrix,:00:40:22,Intercala entre mostrar al artista y diseños gráficos vinculados a las canciones),"Se usan luces azules y además se lanza, desde la parte superior del escenario, una especia de cortina amarilla con chispas.","El artista esta con polera manga corta y jeans, ambos negros.",No,No,"No, ya que al ser un DJ el artista tiene toda su música ya trabajada y la reproduce a través de una consola.",No,,No,https://youtu.be/uXOek8kaVhU
2022,Martin Garrix,:00:43:58,Intercala entre mostrar al artista y diseños gráficos vinculados a las canciones),"Se lanzan fuegos artificiales color rojo, y se utilizan luces azules junto a luces del mismo color pero tipo ""puntero"".","El artista esta con polera manga corta y jeans, ambos negros.",No,No,"No, ya que al ser un DJ el artista tiene toda su música ya trabajada y la reproduce a través de una consola.",No,,No,https://youtu.be/uXOek8kaVhU
2022,Martin Garrix,:00:48:52,Intercala entre mostrar al artista y diseños gráficos vinculados a las canciones),"Hay luces blancas que parpadean al ritmo de la música, las que luego se mezclan con luces de tonalidades azules. Además, a esto se suma el que lanzan fuego (desde el piso del escenario) hacia arriba. ","El artista esta con polera manga corta y jeans, ambos negros.",No,No,"No, ya que al ser un DJ el artista tiene toda su música ya trabajada y la reproduce a través de una consola.",No,,No,https://youtu.be/uXOek8kaVhU
2022,Martin Garrix,:01:06:29,Intercala entre mostrar al artista y diseños gráficos vinculados a las canciones),"Hay luces azules y verdes que apenas se ven, pero luego se encienden con más fuerza, especialmente las de tonalidad azul.","El artista esta con polera manga corta y jeans, ambos negros.",No,No,"No, ya que al ser un DJ el artista tiene toda su música ya trabajada y la reproduce a través de una consola.",Sí. El artista le habla al público y les dice que enciendan las linternas de sus celulares y que las levanten en el aire.,,No,https://youtu.be/uXOek8kaVhU
2022,Martin Garrix,:01:08:57,Intercala entre mostrar al artista y diseños gráficos vinculados a las canciones),"Hay luces de tonalidades azules y rojas, las que son acompañadas de fuegos artificiales.","El artista esta con polera manga corta y jeans, ambos negros.",No,No,"No, ya que al ser un DJ el artista tiene toda su música ya trabajada y la reproduce a través de una consola.",No,,No,https://youtu.be/uXOek8kaVhU
2022,Martin Garrix,1:13:18,Intercala entre mostrar al artista y diseños gráficos vinculados a las canciones),"Se utilizan luces de tonalidades blancas, las que se dirigen directamente al público. Estas se acompañan con una especie de humo que sale del escenario.","El artista esta con polera manga corta y jeans, ambos negros.",No,No,"No, ya que al ser un DJ el artista tiene toda su música ya trabajada y la reproduce a través de una consola.",No,,No,https://youtu.be/uXOek8kaVhU
2022,Miley Cyrus,0:00:29,"Se muestran clips de Miley ""posando"". Se enfocan sus ojos, su boca, su pelo, entre otras cosas. Al mismo tiempo suena un audio de ella hablando.",Se utilizan luces blancas que parpadean.,NA,No,No,No,No,,No,https://youtu.be/uXOek8kaVhU
2022,Miley Cyrus,0:01:40,"Se muestra el escenario, enfocando principalmente a Miley.",Se utilizan luces blancas.,"Enterito de cuerpo completo manga corta color azul/celeste con brillos. Además, usa lentes de sol y botas y guantes negros.",No,No,"Sí. Esta acompañada de una banda que cuenta con diversos intrumentos, entre ellos una batería, guitarras, coristas, etc.",No,,No,https://youtu.be/uXOek8kaVhU
2022,Miley Cyrus,0:07:52,"Se muestra el escenario, enfocando principalmente a Miley.",Se utilizan luces blancas.,"Enterito de cuerpo completo manga corta color azul/celeste con brillos. Además, usa lentes de sol y botas y guantes negros.",No,No,"Sí. Esta acompañada de una banda que cuenta con diversos intrumentos, entre ellos una batería, guitarras, coristas, etc.",Sí. Le muestra el micrófono al público y los incita a cantar parte de la canción.,,No,https://youtu.be/uXOek8kaVhU
2022,Miley Cyrus,0:33:15,"Se muestra el escenario, enfocando principalmente a Miley.",Se usan luces de tonalidades moradas.,"Polera manga corta blanca oversize con un diseño rojo en la parte frontal, chaqueta de mezclilla sin mangas y con brillos plateados en la parte de la espalda y delantera, gorro verde tipo vaquero. La artista siguen con el enterito puesto, por lo que lo que parecieran ser ""pantalones"" en realidad sigue siendo su enterito color azul/celeste.",Sí,No,"Sí. Esta acompañada de una banda que cuenta con diversos intrumentos, entre ellos una batería, guitarras, coristas, etc.",No,,No,https://youtu.be/uXOek8kaVhU
2022,Miley Cyrus,0:35:10,"Se muestra el escenario, enfocando principalmente a Miley.",Se usan luces de tonalidades rojas.,"Enterito de cuerpo completo manga corta color azul/celeste con brillos. Además, usa lentes de sol y botas y guantes negros.","Sí. La artista empieza a quitarse las prendas que tenía por encima del enterito, incluido el sombrero.",No,"Sí. Esta acompañada de una banda que cuenta con diversos intrumentos, entre ellos una batería, guitarras, coristas, etc.",No,,No,https://youtu.be/uXOek8kaVhU
2022,Miley Cyrus,0:37:11,"Se muestra el escenario, enfocando principalmente a Miley.",Se usan luces blancas que se mantienen estáticas.,"Enterito de cuerpo completo manga corta color azul/celeste con brillos. Además, usa lentes de sol y botas y guantes negros.",No,No,No,Sí. La artista empieza a leer carteles de los fanáticos y hace comentarios al respecto.,,No,https://youtu.be/uXOek8kaVhU
2022,Miley Cyrus,0:46:15,"Se muestra el escenario, enfocando principalmente a Miley.",Se utilizan luces anarajandas que parpadean al ritmo de la canción.,"Enterito de cuerpo completo manga corta color azul/celeste con brillos. Además, usa lentes de sol y botas y guantes negros.",No,No,"Sí. Esta acompañada de una banda que cuenta con diversos intrumentos, entre ellos una batería, guitarras, coristas, etc.",Sí. Le dice al público que canten con ella apuntandolos con el micrófono.,,No,https://youtu.be/uXOek8kaVhU
2022,Miley Cyrus,0:51:10,"Se muestra el escenario, enfocando principalmente a Miley.",Se usan luces blancas que se mantienen estáticas.,"Enterito de cuerpo completo manga corta color azul/celeste con brillos. Además, usa lentes de sol y botas y guantes negros.",No,No,No,"Sí. Le dice al público que esta muy feliz de estar presente en el festival y de estar en sudamerica. Dice que observa que en el público hay muchas banderas de la comunidad LGBT, hombres con maquillaje, etc.",,No,https://youtu.be/uXOek8kaVhU
2022,Miley Cyrus,1:18:35,"Se muestra el escenario, enfocando principalmente a Miley.",Se usan luces de tonalidades rojas.,"Enterito de cuerpo completo manga corta color azul/celeste con brillos. Además, usa lentes de sol y botas y guantes negros.",No,No,"Sí. Esta acompañada de una banda que cuenta con diversos intrumentos, entre ellos una batería, guitarras, coristas, etc.","Sí. Se acerca a la orilla del escenario mientras canta una canción y recibe un cartel de un fanático. Le dice a la persona que le dio el cartel: ""tus padres estarán muy orgullosos de ti"". Además recibe una bandera de la comunidad LGBT y de Chile, y posa para la cámara.",,No,https://youtu.be/uXOek8kaVhU
2022,Miley Cyrus,1:21:08,"Se muestra el escenario, enfocando principalmente a Miley.",Se utilizan luces de tonalidades blancas y amarillas.,"Enterito de cuerpo completo manga corta color azul/celeste con brillos. Además, usa lentes de sol y botas y guantes negros.",No,No,"Sí. Esta acompañada de una banda que cuenta con diversos intrumentos, entre ellos una batería, guitarras, coristas, etc.","Sí. Mientras canta le hace señas a una persona del público como para que le lancen algo, y recibe un collar.",,No,https://youtu.be/uXOek8kaVhU
2022,Miley Cyrus,1:23:04,"Se muestra el escenario, enfocando principalmente a Miley.",Se utilizan luces de tonalidades blancas y amarillas.,"Enterito de cuerpo completo manga corta color azul/celeste con brillos. Además, usa lentes de sol y botas y guantes negros.",No,No,"Sí. Esta acompañada de una banda que cuenta con diversos intrumentos, entre ellos una batería, guitarras, coristas, etc.","Sí. Mientras canta su última canción, se pone una serie de regalos que le hicieron sus fanáticos: una cabeza de cabello, una chaqueta, un pañuelo de la comunidad LGBT.",,No,https://youtu.be/uXOek8kaVhU
2022,A$AP ROCKY,NA,NA,NA,NA,NA,NA,NA,NA,NA,NA,NA
2022,Alesso,NA,NA,NA,NA,NA,NA,NA,NA,NA,NA,NA
2022,The Strokes,NA,NA,NA,NA,NA,NA,NA,NA,NA,NA,NA
2022,Machine Gun Kelly,NA,NA,NA,NA,NA,NA,NA,NA,NA,NA,NA
2022,Doja Cat,NA,NA,NA,NA,NA,NA,NA,NA,NA,NA,NA
2023,Billie Eilish,NA,NA,NA,NA,NA,NA,NA,NA,NA,NA,NA
2023,Drake,NA,NA,NA,NA,NA,NA,NA,NA,NA,NA,NA
2023,Twenty One Pilots,NA,NA,NA,NA,NA,NA,NA,NA,NA,NA,NA
2023,Lil Nas X,NA,NA,NA,NA,NA,NA,NA,NA,NA,NA,NA
2023,Rosalía,0:01:05,"Al principio esta en negro y luego esta completamente en blanco. En la escenografía hay cuadrados gigantes con pantallas en todos sus lados, los que transmiten fondos de colores.",Primero no hay luces y luego hay luces de tonalidades blancas.,"Utiliza un enterito negro, un corset con diseños blancos y botas negras con taco.",No,Sí. Los bailarines de apoyo comienzan el show haciendo una coreografía con cascos con luces blancas. Luego aparece la artista principal con el mismo casco.,No,No,,No,https://youtu.be/dQ5s4eeJ5AU
2023,Rosalía,0:05:27,"La pantalla de fondo y las de los cuadrados son blancas, pero las pantallas de los lados muestran el escenario.",Se utilizan luces blancas.,"Utiliza un enterito negro, un corset con diseños blancos y botas negras con taco.",No,Sí. Tiene una coreografía con sus bailarines de apoyo.,No,Sí. Le dice al público que canten con ella y los apunta con el micrófono.,,No,https://youtu.be/dQ5s4eeJ5AU
2023,Rosalía,0:07:34,"La pantalla de fondo y las de los cuadrados son  blancas, pero las pantallas de los lados muestran el escenario.",Se utilizan luces blancas.,"Utiliza un enterito negro, un corset con diseños blancos y botas negras con taco. Se pone unos lentes de sol negros.",No,No,No,No,,No,https://youtu.be/dQ5s4eeJ5AU
2023,Rosalía,0:23:21,"La pantalla de fondo y las de los cuadrados estan en negro y luego cambian a rojo, pero las pantallas de los lados muestran el escenario. Cabe señalar que agrego una silla negra como parte de la escenografía.",Se utilizan luces blancas y rojas.,"Utiliza un enterito negro, un corset con diseños blancos y botas negras con taco. Se pone unos lentes de sol negros.",No,No. Se sienta a cantar en una silla.,No,No,,No,https://youtu.be/dQ5s4eeJ5AU
2023,Rosalía,0:27:00,"La pantalla de fondo es roja y amarilla, pero las pantallas de los lados muestran el escenario. ",Se utilizan luces blancas.,"Utiliza un enterito negro, un corset con diseños blancos y botas negras con taco. Se pone unos lentes de sol negros.",No,Sí. Junto a sus bailarines de apoyo hacen un baile para un remix de una de sus canciones más populares.,No,No,,No,https://youtu.be/dQ5s4eeJ5AU
2023,Rosalía,0:32:29,"La pantalla de fondo y los cuadrados son negros, pero las pantallas de los lados muestran el escenario. ",Se utilizan luces amarillas estáticas.,"Utiliza un enterito negro, un corset con diseños blancos y botas negras con taco. Se pone unos lentes de sol negros.",No,No,No,Sí. El público le canta el cumpleaños feliz y ella les da las gracias. Dice que puede leer los carteles que llevaron algunos de los fanáticos.,,No,https://youtu.be/dQ5s4eeJ5AU
2023,Rosalía,0:34:36,"La pantalla de fondo y los cuadrados son negros, pero las pantallas de los lados muestran el escenario. ",Se utilizan luces blancas estáticas.,"Utiliza un enterito negro, un corset con diseños blancos y botas negras con taco. Se pone unos lentes de sol negros.",No,No,Sí. La artista se sienta a tocar el piano.,No,,No,https://youtu.be/dQ5s4eeJ5AU
2023,Rosalía,0:39:24,"La pantalla de fondo y los cuadrados son blancos, pero las pantallas de los lados muestran el escenario. ",Se usan luces de tonalidades que oscilan entre el azul y el celeste.,"Utiliza un enterito negro, un corset con diseños blancos y botas negras con taco. Se pone unos lentes de sol negros.",No,Sí. Rosalía se sube al piano que estaba tocando y sus bailarines de apoyo realizan una coreografía  junto a ella.,No. La artista deja de tocar el piano y suena la música instrumental de fondo.,No,,No,https://youtu.be/dQ5s4eeJ5AU
2023,Rosalía,0:58:18,"La pantalla de fondo y los cuadrados son negros y blancos, pero las pantallas de los lados muestran el escenario. ",Se utilizan luces blancas.,"Utiliza un enterito negro, un corset con diseños blancos y botas negras con taco. Se pone unos lentes de sol negros.",No,Sí. Los bailarines de apoyo y Rosalía entran al escenario con monopatines y cuando comienza la canción bailan.,No,No,,No,https://youtu.be/dQ5s4eeJ5AU
2023,Rosalía,1:02:28,"La pantalla de fondo y los cuadrados son morados, pero las pantallas de los lados muestran el escenario. ",Se utilizan luces de tonalidades moradas.,"Utiliza un enterito negro, un corset con diseños blancos y botas negras con taco. Se pone unos lentes de sol negros.",No,Sí. La artista y los bailarines de apoyo hacen una coreografía.,No,No,,No,https://youtu.be/dQ5s4eeJ5AU
2023,Rosalía,1:03:26,La pantalla muestra Rosalía saliendo del escenario hasta el backstage.,Se utilizan luces de tonalidades moradas y blancas.,"Utiliza un enterito negro, un corset con diseños blancos y botas negras con taco. Se pone unos lentes de sol negros.",No,No,No,Sí. La artista le da las gracias al público.,,No,https://youtu.be/dQ5s4eeJ5AU
2023,Tame Impala,NA,NA,NA,NA,NA,NA,NA,NA,NA,NA,NA
2024,Feid,NA,NA,NA,NA,NA,NA,NA,NA,NA,NA,NA
2024,Blink-182,NA,NA,NA,NA,NA,NA,NA,NA,NA,NA,NA
2024,SZA,NA,NA,NA,NA,NA,NA,NA,NA,NA,NA,NA
2024,Limp Bizkit,NA,NA,NA,NA,NA,NA,NA,NA,NA,NA,NA
2024,Arcade Fire,NA,NA,NA,NA,NA,NA,NA,NA,NA,NA,NA
2024,Sam Smith,NA,NA,NA,NA,NA,NA,NA,NA,NA,NA,NA
2025,Olivia Rodrigo,NA,NA,NA,NA,NA,NA,NA,NA,NA,NA,NA
2025,Justin Timberlake,NA,NA,NA,NA,NA,NA,NA,NA,NA,NA,NA
2025,Tool,NA,NA,NA,NA,NA,NA,NA,NA,NA,NA,NA
2025,Rüfüs Du Sol,NA,NA,NA,NA,NA,NA,NA,NA,NA,NA,NA
2025,Alanis Morissette,NA,NA,NA,NA,NA,NA,NA,NA,NA,NA,NA
2025,Shawn Mendes,NA,NA,NA,NA,NA,NA,NA,NA,NA,NA,NA
2026,Doechii,0:02:29,"Se proyecta un clip grabado de la artista, quien hace una especie de introducción a su show.",No ,NA,NA,No,No,No,,No,https://youtu.be/gEGf22cS2x8
2026,Doechii,0:03:20,"Se proyecta el escenario. Este destaca por tener telas de diferentes colores: amarillas, rojas, naranjas. Además tiene alfombras a lo largo del piso, las que son mayormente color café. También tiene dos palmeras, las que se ubican en el lugar desde el que ella salió al escenario.","Hay luces de tonalidades amarillas, aunque son muy pocas. A medida que la canción avanza, comienzan a aumentar.",La artista esta utilizando un top burdeo con una falda muy corta del mismo tono. En la parte trasera la falda se extiende hasta los pies. En la parte de sus tobillos tiene amarradas tiras del mismo color. En sus muñecas tiene pulseras doradas y burdeo. Sus bailarines de apoyo tiene vestimenta similar pero todas estan de negro.,No,"Sí. La artista y los bailarines de apoyo realizan una coreografía, primero detrás de unas telas de colores y luego frente a ellas, quedando a la vista del público.",No,No,,,https://youtu.be/gEGf22cS2x9
2026,Doechii,0:09:07,Se proyecta el escenario.,Hay luces blancas que parpadean al ritmo de la canción. Luego cambian a rosadas y rojas. ,La artista esta utilizando un top burdeo con una falda muy corta del mismo tono. En la parte de sus tobillos tiene amarradas tiras del mismo color. En sus muñecas tiene pulseras doradas y burdeo. Sus bailarines de apoyo tiene vestimenta similar pero todas estan de negro.,No,"Sí. Aunque al comienza no realiza una coreografía, en mitad de la canción aparecen sus bailarines de apoyo y comienzan a bailar de forma coordinada.",No,"Sí. Saluda al público y les dice que repitan las frases que ella dice para, así, introducir su próxima canción.",,No,https://youtu.be/gEGf22cS2x10
2026,Doechii,0:16:59,Se proyecta el escenario.,Se utilizan luces de tonalidades moradas y amarillas.,La artista esta utilizando un top burdeo con una falda muy corta del mismo tono. En la parte de sus tobillos tiene amarradas tiras del mismo color. En sus muñecas tiene pulseras doradas y burdeo. Sus bailarines de apoyo tiene vestimenta similar pero todas estan de negro.,No,No,No,Sí. La artista le habla al público y les dice que repitan las frases que ella menciona (las que son en referencia a la canción que esta presentando).,,No,https://youtu.be/gEGf22cS2x11
2026,Doechii,0:19:47,Se proyecta el escenario.,Se usan luces blancas y amarillas intermitentes.,La artista esta utilizando un top burdeo con una falda muy corta del mismo tono. En la parte de sus tobillos tiene amarradas tiras del mismo color. En sus muñecas tiene pulseras doradas y burdeo. Sus bailarines de apoyo tiene vestimenta similar pero todas estan de negro.,No,"Sí. La artista tiene una coreografía con sus bailarines de apoyo, quienes ahora tienen accesorios de diferentes colores sobre sus cabezas, cubriendo por completo sus caras. Además, se situan en una escenografía que simula una especie de cama con diseños asiaticos. ",No,No,,No,https://youtu.be/gEGf22cS2x12
2026,Doechii,0:23:52,"Se muestra un clip grabado de Doechii hablando sobre la ""respiración"" y nuestras reacciones ante ciertas situaciones. Luego se vuelve a enfocar a la artista y al escenario.",Se usan luces blancas y amarillas que parpadean al ritmo de la canción.,La artista esta utilizando un top burdeo con una falda muy corta del mismo tono. En la parte de sus tobillos tiene amarradas tiras del mismo color. En sus muñecas tiene pulseras doradas y burdeo. Sus bailarines de apoyo tiene vestimenta similar pero todas estan de negro.,No,"Sí. La artista baila al mismo tiempo que canta la canción, aunque es solo por unos momentos.",No,No,,No,https://youtu.be/gEGf22cS2x13
2026,Doechii,0:33:22,Se proyecta el escenario.,Se usan luces de tonalidades azules y en las telas de fondo se muestran sombras de mujeres bailando al ritmo de la canción.,La artista esta utilizando un top burdeo con una falda muy corta del mismo tono. En la parte de sus tobillos tiene amarradas tiras del mismo color. En sus muñecas tiene pulseras doradas y burdeo. Sus bailarines de apoyo tiene vestimenta similar pero todas estan de negro.,No,No   ,No,No,,No,https://youtu.be/gEGf22cS2x14
2026,Doechii,0:41:05,"Se proyecta el escenario. Además, a la escenografía se agregaron unas especies de barandas doradas.",Se usan luces blancas que parpadean al ritmo de la canción.,La artista esta utilizando un top burdeo con una falda muy corta del mismo tono. En la parte de sus tobillos tiene amarradas tiras del mismo color. En sus muñecas tiene pulseras doradas y burdeo. Sus bailarines de apoyo tiene vestimenta similar pero todas estan de negro.,No,Sí. La artista baila mientras canta y es apoyada por sus bailarines.,No,No,,No,https://youtu.be/gEGf22cS2x15
2026,Doechii,0:43:26,Se proyecta el escenario. ,Se usan luces de tonalidades amarillas y verdes.,La artista esta utilizando un top burdeo con una falda muy corta del mismo tono. En la parte de sus tobillos tiene amarradas tiras del mismo color. En sus muñecas tiene pulseras doradas y burdeo. Sus bailarines de apoyo tiene vestimenta similar pero todas estan de negro.,No,Sí. La artista hace un baile en solitario.,No,Sí. Le dice al público que griten su nombre.,,No,https://youtu.be/gEGf22cS2x16
2026,Doechii,0:47:21,Se proyecta el escenario. ,"Se usan luces de tonalidades rojas, moradas, naranjas y azules.",La artista esta utilizando un top burdeo con una falda muy corta del mismo tono. En la parte de sus tobillos tiene amarradas tiras del mismo color. En sus muñecas tiene pulseras doradas y burdeo. Sus bailarines de apoyo tiene vestimenta similar pero todas estan de negro.,No,"Sí. Al principio comienza la canción sentada junto a una bailarina de apoyo, con quien simula tener una conversación. A medida que la canción avanza, se suman el resto de los bailarines de apoyo y hacen una coreografía.",No,No,,No,https://youtu.be/gEGf22cS2x17
2026,Sabrina Carpenter,0:00:10,Se proyecto un video en donde aparece Sabrina hablando como si formara parte de un programa de televisión.,No hay cambio de luces,NA,NA,No,No,No,,No,https://youtu.be/KQCM2FnpFG0
2026,Sabrina Carpenter,0:01:35,"Se muestra el escenario y además se muestran gráficas vinculadas a la canción que se esta presentando. Cabe señalar que la escenografía esta diseñada para tener dos pisos, y tiene las letras ""SC"" (en gigante) con un corazón en medio y luces blancas. También tiene una escalera que se mueve. Todo esta en color blanco.",Se pasa de un escenario sin iluminación a uno en donde predominan las luces de tonalidades blancas.,"Utiliza un enterito verde con letras amarillas que dicen ""Sabrina"", además de unas botas blancas largas con corazones.",No,"Sí. Baila ella y también tiene bailarines de apoyo, los que son hombres y mujeres. No es baile improvisado, son coreografías bien diseñadas.",Sí,No,,No,https://youtu.be/KQCM2FnpFG1
2026,Sabrina Carpenter,0:10:13,Se muestra el escenario y además se muestran gráficas vinculadas a la canción que se esta presentando.,Uso de luces blancas y con tonos que oscilan entre el morado y azul. Parpadean de acuerdo al ritmo de la canción.,"Utiliza un enterito verde con letras amarillas que dicen ""Sabrina"", además de unas botas blancas largas con corazones.",No,"Sí. Baila ella y también tiene bailarines de apoyo, los que son hombres y mujeres. No es baile improvisado, son coreografías bien diseñadas.",Sí,"Sí. Durante la parte final de ""Good Graces"" invita al público a cantar con ella, de modo que ella canta una parte de la letra y luego apunta con el micrófono al público para que continúen la canción.",,No,https://youtu.be/KQCM2FnpFG2
2026,Sabrina Carpenter,0:37:49,"Se muestran ""comerciales"" de un show de televisión ficticio llamado ""Sabrina Carpenter Live"", y luego se enfoca a los bailarines de la artista, quienes estan haciendo una competencia de baile.","Se utilizan luces que mezclan los colores rojos, blancos y azules.","Vestimenta llamativa (si bien en este segmento quienes se roban el escenario son los bailarines de apoyo de Sabrina, estos utilizan vestimentas brillantes que van a tono con la artista: enteritos con brillos, botas largas, vestidos, pañuelos en el cuello, etc)",No,"Sí. Baila ella y también tiene bailarines de apoyo, los que son hombres y mujeres. No es baile improvisado, son coreografías bien diseñadas.",Sí,No,,No,https://youtu.be/KQCM2FnpFG3
2026,Sabrina Carpenter,0:40:49,Se muestra el escenario y además se muestran gráficas vinculadas a la canción que se esta presentando.   ,Se utilizan luces blancas y amarillas.,"Utiliza un vestido corto color morado pastel, con brillos en la parte superior, y zapatos con brillos.",Sí,"Sí. Baila ella y también tiene bailarines de apoyo, los que son hombres y mujeres. No es baile improvisado, son coreografías bien diseñadas.",Sí,No,,No,https://youtu.be/KQCM2FnpFG4
2026,Sabrina Carpenter,0:46:50,Se muestra el escenario y además se muestran gráficas vinculadas a la canción que se esta presentando.,Las luces se tornan rojizas.,"Utiliza un vestido corto color morado pastel, con brillos en la parte superior, y zapatos con brillos.",No,No,Sí,Sí. Invita al público a que canten juntos y a que aplaudan al mismo tiempo.,,No,https://youtu.be/KQCM2FnpFG5
2026,Sabrina Carpenter,0:51:00,"Se muestra el escenario y además se muestran gráficas vinculadas a la canción que se esta presentando. Para esta canción en particular se utiliza una cama como parte de la escenografía, por lo que la cámara se enfoca en ella.",Predominan la luces color morado y rosado.,"Utiliza un vestido corto color morado pastel, con brillos en la parte superior, y zapatos con brillos.",No,"Sí. Sabrina baila en ciertos momentos pero no a lo largo de toda la canción, aunque sus bailarines de apoyo si lo hacen en toda la canción.",Sí,No,,No,https://youtu.be/KQCM2FnpFG6
2026,Sabrina Carpenter,0:54:40,Se muestra el escenario.,Se usan luces blancas que se mantienen estáticas.,"Utiliza un vestido corto color morado pastel, con brillos en la parte superior, y zapatos con brillos.",No,No,No,"Sí. Hace una pausa para interactuar con la audiencia. Hace su típico ""arresto"" como introducción para la canción Juno.",,No,https://youtu.be/KQCM2FnpFG7
2026,Sabrina Carpenter,1:05:10,Se muestra el escenario.,Se usan luces blancas que se mantienen estáticas.,"Utiliza un vestido corto color morado pastel, con brillos en la parte superior, y zapatos con brillos.",No,No. Sabrina se sienta en la orilla del escenario.,Sí,No,,No,https://youtu.be/KQCM2FnpFG8
2026,Sabrina Carpenter,1:08:16,"Se muestran clips que aluden al final del show ""Sabrina Carpenter Live"", introduciendo la canción ""Espresso"".",Bajan las luces.,"Utiliza un vestido corto color morado pastel, con brillos en la parte superior, y zapatos con brillos.",No,No   ,No,No,,No,https://youtu.be/KQCM2FnpFG9
2026,Sabrina Carpenter,1:08:45,Se muestra el escenario y además se muestran gráficas vinculadas a la canción que se esta presentando.,Se usan luces blancas que se mantienen estáticas.,"Utiliza un vestido corto color morado pastel, con brillos en la parte superior, y zapatos con brillos.",No,Sí. Sabrina y sus bailarines de apoyo hacen la misma coreografía.,Sí ,"Sí. Antes de iniciar la canción, le dice que al público que mientras más griten más bebera ella de una copa que sube al escenario.",,No,https://youtu.be/KQCM2FnpFG10
2026,Turnstile,NA,NA,NA,NA,NA,NA,NA,NA,NA,NA,NA
2026,"Tyler, The Creator",NA,NA,NA,NA,NA,NA,NA,NA,NA,NA,NA
2026,"Tyler, The Creator",NA,NA,NA,NA,NA,NA,NA,NA,NA,NA,NA
2026,"Tyler, The Creator",NA,NA,NA,NA,NA,NA,NA,NA,NA,NA,NA
2026,"Tyler, The Creator",NA,NA,NA,NA,NA,NA,NA,NA,NA,NA,NA
2026,"Tyler, The Creator",NA,NA,NA,NA,NA,NA,NA,NA,NA,NA,NA
2026,Lewis Capaldi,NA,NA,NA,NA,NA,NA,NA,NA,NA,NA,NA
2026,Chappel Roan,.00:01:00,Se muestran ojos que observan al público.,Hay luces de tonalidades verdes que brillan al ritmo de la música instrumental.,NA,NA,No,No,No,,No,https://youtu.be/91BcyH3U918
2026,Chappel Roan,.00:01:46 ,Se muestran clips de un libro siendo hojeado.,Las luces cambian a tonalidades rojas.,NA,No,No,"Sí. Hay una banda en vivo que cuenta con una batería, guitarras, y piano. Hacen una introducción musical antes de que salga la artista principal.",No,,No,https://youtu.be/91BcyH3U919
2026,Chappel Roan,.00:04:20,"Se muestran gráficas rosadas en la pantalla de fondo, mientras que en las de los lados se muestra el escenario. Además, la escenografía tiene diseños tétricos, tipo Halloween, tiene candelabros y caras dibujadas en pilares, pareciera que quiere representar la estetica de un castillo de terror.",Se utilizan luces de tonos azules y rosados.,"La artista esta utilizando un vestido de novia con un velo sobre su cabeza, el que en su interior tiene un accesorio tipo ""corona"" hecha por lo que parecen ser petalos blancos. Su banda en vivo tiene vestidos de colores rosados y negros con un estilo ""metal"".",No,No,"Sí. Hay una banda en vivo que cuenta con una batería, guitarras, y piano. Hacen una introducción musical antes de que salga la artista principal.",No,,No,https://youtu.be/91BcyH3U920
2026,Chappel Roan,.00:31:20,Se muestra el escenario.,Se utilizan luces blancas estáticas. Cuando la canción comienza las luces cambian a amarillo y rosado.,La artista esta utilizando un vestido de novia. Se quitó el velo que llevaba sobre la cabeza.,No,Al principio de la canción no baila. Pero en el coro hace la coreografía que el público conoce.,"Sí. Hay una banda en vivo que cuenta con una batería, guitarras, y piano. Hacen una introducción musical antes de que salga la artista principal.","Sí. Le habla al público y les dice que creen que lo ""harán bien con la siguiente canción"" y que ""no les enseñara el baile"", aludiendo a que la audiencia ya lo conoce.",,No,https://youtu.be/91BcyH3U921
2026,Chappel Roan,.00:37:31,Se muestra el escenario.,Se usan luces de tonalidades celestes.,"La artista sigue con su mismo vestuario pero con menos prendas encima: lo que era un vestido de novia pasa a ser un top con una minifalda y pantis. Además, ahora se aprecia mejor que la artista esta con botas blancas.",No,No,"Sí. Hay una banda en vivo que cuenta con una batería, guitarras, y piano. Hacen una introducción musical antes de que salga la artista principal.",No,,No,https://youtu.be/91BcyH3U922
2026,Chappel Roan,.00:43:05,Se muestra el escenario.,Se utilizan luces de tonalidades azules.,"La artista sigue con su mismo vestuario pero con menos prendas encima: lo que era un vestido de novia pasa a ser un top con una minifalda y pantis. Además, ahora se aprecia mejor que la artista esta con botas blancas.",No,"No. Aunque no tiene baile, cabe señalar que pone una peluca rubia sobre el soporte del micrófono y hace como si le cantara a una mujer.","Sí. Hay una banda en vivo que cuenta con una batería, guitarras, y piano. Hacen una introducción musical antes de que salga la artista principal.",No,,No,https://youtu.be/91BcyH3U923
2026,Chappel Roan,.00:46:07,Se muestra el escenario.,Se utilizan luces de tonalidades azules.,"La artista sigue con su mismo vestuario pero con menos prendas encima: lo que era un vestido de novia pasa a ser un top con una minifalda y pantis. Además, ahora se aprecia mejor que la artista esta con botas blancas.",No,No,"Sí. Hay una banda en vivo que cuenta con una batería, guitarras, y piano. Hacen una introducción musical antes de que salga la artista principal.","Sí. Dice al público ""Chi chi chi"", y ellos le responden. Les agradece por todo el apoyo.",,No,https://youtu.be/91BcyH3U924
2026,Chappel Roan,.01:,Se muestra el escenario y en la pantalla de fondo gráficas de relampagos.,Se utilizan luces de tonalidades azules.,"La artista sigue con su mismo vestuario pero con menos prendas encima: lo que era un vestido de novia pasa a ser un top con una minifalda y pantis. Además, ahora se aprecia mejor que la artista esta con botas blancas.",No,"No. Aunque no esta realizando un baile, la artista se acerca a una de sus guitarristas y se sienta junto a ella a cantarle.","Sí. Hay una banda en vivo que cuenta con una batería, guitarras, y piano. Hacen una introducción musical antes de que salga la artista principal.",No,,No,https://youtu.be/91BcyH3U925
2026,Chappel Roan,.01:17:22,"Se muestra el escenario. Además, se lanzan chispas de fuego desde la parte superior del escenario.",Se usan luces de tonalidades moradas y rosadas.,"La artista sigue con su mismo vestuario pero con menos prendas encima: lo que era un vestido de novia pasa a ser un top con una minifalda y pantis. Además, ahora se aprecia mejor que la artista esta con botas blancas.",No,No,"Sí. Hay una banda en vivo que cuenta con una batería, guitarras, y piano. Hacen una introducción musical antes de que salga la artista principal.",Sí. La artista le dice al público que canten lo que sigue de la canción y los motiva con las manos.,,No,https://youtu.be/91BcyH3U926
2026,Chappel Roan,.01:18:55,Se muestra el escenario.,Se usan luces de tonalidades rosadas y rojas. Además se lanzan fuegos artificiales.,"La artista sigue con su mismo vestuario pero con menos prendas encima: lo que era un vestido de novia pasa a ser un top con una minifalda y pantis. Además, ahora se aprecia mejor que la artista esta con botas blancas.",No,No,"Sí. Hay una banda en vivo que cuenta con una batería, guitarras, y piano. Hacen una introducción musical antes de que salga la artista principal.","Sí. La artista se despide del público,  les dice que los ama y que lleguen bien a sus casas.",,No,https://youtu.be/91BcyH3U927
2026,Deftones,NA,NA,NA,NA,NA,NA,NA,NA,NA,NA,NA
2026,Lorde,NA,NA,NA,NA,NA,NA,NA,NA,NA,NA,NA
2026,Los Bunkers,NA,NA,NA,NA,NA,NA,NA,NA,NA,NA,NA
2026,Skrillex,NA,NA,NA,NA,NA,NA,NA,NA,NA,NA,NA
