edicion lolla ,artista ,genero musical 01,genero musical 02,genero musical 03,integrantes,nacionalidad,headliner,escenario,veces en lollapalooza
2011,The Killers,Rock alternativo,Post-punk revival,New wave,4,Estadounidense,Sí,Coca Cola Zero Stage,1
2011,Jane's Addiction,Rock,Hard Rock,Punk Rock,4,Estadounidense,Sí,Claro Stage,1
2011,Kanye West,Hip Hop,Rap,Pop,1,Estadounidense,Sí,Coca Cola Zero Stage,1
2011,Cypress Hill,Rap ,Hip Hop,Rap Rock,4,Estadounidense,No,Claro Stage,1
2011,30 Secons To Mars,Rock,Rock alternativo,Metal progresivo,4,Estadounidense,No,Coca Cola Zero Stage,1
2011,Fatboy Slim,Electrónica,Dance,Pop,1,Británica,No,LG Stage,1
2011,Deftones,Metal Alternativo,Rock progresivo,Nu metal,5,Estadounidense,No,Claro Stage,1
2011,Armin Van Buuren,Dance,Trance ,House progresivo,1,Países Bajos,No,LG Stage,1
2011,Sublime With Rome,Reggae,Ska Punk,Hip Hop ,3,Estadounidense,No,Claro Stage,1
2011,The Flaming Lips,Rock ,Rock alternativo,Rock Psicodélico,5,Estadounidense,No,Coca Cola Zero Stage,1
2011,Ben Harper ,Blues,Soul ,R&B,1,Estadounidense,No,Claro Stage,1
2011,James ,Rock ,Indie Pop,Britpop,7,Británica,No,Coca Cola Zero Stage,1
2011,The National,Alternativo,Indie Rock,Chamber pop,5,Estadounidense,No,Coca Cola Zero Stage,1
2011,311,Rock ,Rap Rock,Funk Metal,5,Estadounidense,No,Coca Cola Zero Stage,1
2011,Empire Of The Sun,Electrónica,Synth pop,New wave,2,Australiana,No,LG Stage,1
2011,Cold War Kids,Indie Rock,Blues Rock,Soul Rock,5,Estadounidense,No,Tech Stage,1
2011,CSS,Dance ,Dance punk ,Indie Rock,5,Brasileña,No,Tech Stage,1
2011,Cat Power,Folk Alternativo,Experimental ,Indie Folk,1,Estadounidense,No,Tech Stage,1
2011,Los Bunkers ,Rock alternativo,Pop rock,NA,5,Chilena,No,Coca Cola Zero Stage,1
2011,Chico Trujillo,Cumbia,Reggae,NA,10,Chilena,No,Claro Stage,1
2011,Devendra Banhart,Folk Alternativo,Independiente,NA,1,Estadounidense,No,Tech Stage,1
2011,Boys Noize,Electrónica,Dance ,French Indie,1,Alemana,No,LG Stage,1
2011,The Drums,Indie Rock,Indie pop,Synth pop,2,Estadounidense,No,Tech Stage,1
2011,Steel Pulse ,Reggae,NA ,NA,9,Británica,No,Claro Stage,1
2011,Fischerspooner,Dance ,Electrónica,NA,2,Estadounidense,No,LG Stage,1
2011,PerryEtty vs Chris Cox,Rock ,NA ,NA,3,Estadounidense,No,LG Stage,1
2011,Datarock,Rock ,Alternativo,Independiente,4,Noruega,No,Tech Stage,1
2011,Edward Sharpe,Rock ,Gospel,Folk Rock,12,Estadounidense,No,Tech Stage,1
2011,Mala Rodriguez ,Rap ,Hip Hop,Flamenco,1,Española,No,Coca Cola Zero Stage,1
2011,Todos Tus Muertos,Reggae,Rock argentino,NA,4,Argentina,No,Claro Stage,1
2011,Zeta Bosio,Rock ,Rock argentino,NA,1,Argentina,No,LG Stage,1
2011,Bomba Estéreo ,Rap alternativo,Reggae,Electro,2,Colombiana,No,Tech Stage,1
2011,Ghostland Observatory ,Electro rock,Electro funk,NA,2,Estadounidense,No,LG Stage,1
2011,Joachim Garraud,Electrónica,Dance,NA,1,Francesa,No,LG Stage,1
2011,Francisca Valenzuela,Pop rock,Pop latino,Folk,1,Chilena,No,Claro Stage,1
2011,Anita Tijoux,Rap ,Hip Hop,Jazz Rap,1,Chilena,No,Tech Stage,1
2011,Quique Neira,Reggae,Ska,Roots reggae,1,Chilena,No,Claro Stage,1
2011,Latin Bitman,Hip hop,Funk,R&B,1,Chilena,No,LG Stage,1
2011,DJ Raff ,Electrónica,Hip hop,Trip-hop,1,Chilena,No,LG Stage,1
2011,Toy Selektah ,Electrónica,NA ,NA,1,Mexicana,No,LG Stage,1
2011,Fother Muckers,Rock ,NA ,NA,4,Chilena,No,Tech Stage,1
2011,Como Asesinar a Felipes ,Hip hop alternativo,Rap experimental,Rock Psicodélico,5,Chilena,No,Tech Stage,1
2011,Astro ,Indie Pop,NA ,NA,4,Chilena,No,Tech Stage,1
2011,New Kids on the Noise,Electrónica,NA ,NA,2,Chilena,No,LG Stage,1
2011,The Ganjas,Rock psicodélico,Dub,Stoner rock,4,Chilena,No,Tech Stage,1
2011,Denver,Indie Pop,Electro pop,NA,2,Chilena,No,Tech Stage,1
2011,Ital ,NA,NA ,NA,1,Chilena,No,LG Stage,1
2011,Matanza ,Electrónica,Folclore,Dub,3,Chilena,No,LG Stage,1
2011,Mundano,Rap Metal,NA ,NA,,Chilena,No,Tech Stage,1
2011,Devil Presley,Rock,NA ,NA,,Chilena,No,Tech Stage,1
2012,Björk ,Electrónica,Art Pop,Experimental,1,Islandesa,Sí,Claro-LG Stage,1
2012,Cage the Elephant,Indie Rock,Blues Rock,Rock Alternativo,6,Estadounidense,No,Claro-LG Stage,1
2012,Thievery Corporation,Electrónica,Dub,Lounge,2,Estadounidense,No,Claro-LG Stage,1
2012,Gentleman,Reggae,NA,NA,1,Alemana,No,Claro-LG Stage,1
2012,Pedro Piedra,Rock,Hip Hop,Indie,1,Chilena,No,Claro-LG Stage,1
2012,Foo Fighters ,Rock ,Hard Rock,Grunge,7,Estadounidense,Sí,Claro-LG Stage,1
2012,Joan Jett & The Blackhearts,Rock,Glam Rock,Punk Rock,4,Estadounidense,No,Claro-LG Stage,1
2012,Band of Horses,Rock,Indie,Folk rock,6,Estadounidense,No,Claro-LG Stage,1
2012,Foster The People,Indie Rock,Indie Pop,Alternativo,3,Estadounidense,No,Claro-LG Stage,1
2012,Arctic Monkeys,Indie Rock,Garage rock,Rock psicodélico,4,Británica,Sí,Coca Cola Stage,1
2012,Los Jaivas,Rock,Folclore ,Fusión latinoamericana,6,Chilena,No,Coca Cola Stage,1
2012,Gogol Bordello,Gypsy Punk,Punk ,Dub,7,Estadounidense,No,Coca Cola Stage,1
2012,Gustavo Cordera,Rock,Folclore ,Murga,1,Argentina,No,Coca Cola Stage,1
2012,MGMT ,Indie Pop,Pop psicodélico,Indie Rock,5,Estadounidense,No,Coca Cola Stage,1
2012,TV On the Radio,Art Rock,Indie rock,Rock electrónico,5,Estadounidense,No,Coca Cola Stage,1
2012,Friendly Fires,Indie Rock,Electrónica,Punk ,3,Británica,No,Coca Cola Stage,1
2012,Camila Moreno,Folk Rock,Rock,Indie,1,Chilena,No,Coca Cola Stage,1
2012,Juana Fe,Rock latino,Cumbia ,Salsa,7,Chilena,No,Coca Cola Stage,1
2012,Crosses ,Rock ,Rock electrónico,Dream pop,3,Estadounidense,No,Alternative Stage,1
2012,Electrodomésticos,Rock alternativo,Industrial,Punk,3,Chilena,No,Alternative Stage,1
2012,Los Tetas,Funk,Rock,Hip Hop,2,Chilena,No,Alternative Stage,1
2012,Hoppo!,Folk,Rock,Alternativo,5,Mexicana,No,Alternative Stage,1
2012,Peaches ,Synth pop,Electro pop,Punk Rock,1,Canadiense,No,Alternative Stage,1
2012,Illya Kuryaki and the Valderramas,Funk,Hip Hop,Rock,2,Argentina,No,Alternative Stage,1
2012,Morodo ,Reggae,Dancehall,Hip Hop ,1,Española,No,Alternative Stage,1
2012,Systema Solar ,Música Colombiana,Electrónica,Champeta,7,Colombiana,No,Alternative Stage,1
2012,Calvin Harris,Electro,Dance,Pop,1,Estadounidense,No,Perry's Stage,1
2012,BassNectar ,Electro,Dance,NA,1,Estadounidense,No,Perry's Stage,1
2012,Pretty Lights ,Electro,Dubstep,Nu-disco,1,Estadounidense,No,Perry's Stage,1
2012,Surtek Collective,Electro,Tecno,Dance,2,Alemana,No,Perry's Stage,1
2012,Above & Beyond,Trance,Electro House ,NA,3,Británica,No,Perry's Stage,1
2012,Skrillex ,Electrónica,Dubstep,Dance,1,Estadounidense,No,Perry's Stage,1
2012,Tinie Tempah,Rap,Hip Hop,Dubstep,1,Británica,No,Perry's Stage,1
2012,The Crystal Metod,Tecno,Electrónica,Dance,2,Estadounidense,No,Perry's Stage,1
2012,Alex Anwandter,Pop,Electropop,Rock alternativo,1,Chilena,No,Perry's Stage,1
2012,Silvestre,Cueca,Cumbia,Rock,6,Chilena,No,Huntcha Stage,1
2012,Föllakzoid ,Alternativa,Independiente,NA,3,Chilena,No,Huntcha Stage,1
2012,La Mala Senda,Rock,Punk Rock,NA,4,Chilena,No,Huntcha Stage,1
2012,Pulenta,Funk,R&B,Hip Hop,8,Chilena,No,Huntcha Stage,1
2012,Jiminelson,R&B,Soul,NA,1,Chilena,No,Huntcha Stage,1
2012,Fernando Milagros,Pop rock,Indie folk,Trova,1,Chilena,No,Huntcha Stage,1
2012,We Are the Grand ,Indie Rock,Rock alternativo,Pop rock,4,Chilena,No,Huntcha Stage,1
2012,Gush ,Indie Rock,Pop,NA,2,Estadounidense,No,Huntcha Stage,1
2012,Soul and Senses,Trance,NA,NA,2,Chilena,No,Huntcha Stage,1
2013,Pearl Jam,Grunge,Hard rock,Rock alternativo,5,Estadounidense,Sí,Claro Stage,1
2013,The Hives,Punk Rock,Garage rock,Garage punk,5,Sueca,No,Claro Stage,1
2013,Two Door Cinema Club,Indie rock,Indie pop,Dance-punk,6,Británica,No,Claro Stage,1
2013,Hot Chip,Indietronica,Dance alternativo,Synthpop,5,Británica,No,Claro Stage,1
2013,Gepe,Pop,Electropop,Rock alternativo,1,Chilena,No,Claro Stage,1
2013,Queens Of The Stone Age,Hard Rock,Rock alternativo,Stoner Rock,7,Estadounidense,Sí,Coca-Cola Stage,1
2013,Kaiser Chiefs,Rock,Indie rock,NA,5,Británica,No,Coca-Cola Stage,1
2013,Of Monsters and Men,Indie folk,Indie rock,Pop,5,Islandesa,No,Coca-Cola Stage,1
2013,Chancho En Piedra,Funk rock,Rock experimental,NA,4,Chilena,No,Coca-Cola Stage,1
2013,Banda Conmoción,Latino,Tropical,Cumbia,15,Chilena,No,Coca-Cola Stage,1
2013,Puscifer,Experimental,Ambiental,Trip Hop,3,Estadounidense,No,Playstation Stage,1
2013,Passion Pit,Alternativo,Independiente,NA,3,Estadounidense,No,Playstation Stage,1
2013,The Temper Trap,Indie Rock,Dance,Indie pop,4,Australiana,No,Playstation Stage,1
2013,Alabama Shakes,Rock alternativo,Soul,Blues rock,4,Estadounidense,No,Playstation Stage,1
2013,Dread Mar-I,Reggae,Ska,Pop,1,Argentina,No,Playstation Stage,1
2013,Carla Morrison,Indie Pop,Latino,Pop alternativo,1,Mexicana,No,Playstation Stage,1
2013,Kaskade,Dance,Electrónica,House,1,Estadounidense,No,LG Optimus Stage,1
2013,Major Lazer,Reggae,Dance,Electrónica,3,Estadounidense,No,LG Optimus Stage,1
2013,Zeds Dead,Dance,Electrónica,House,2,Estadounidense,No,LG Optimus Stage,1
2013,Crystal Castles,Witch house,Electropop,Synthpop,2,Canadiense,No,LG Optimus Stage,1
2013,Dj Marky,Dance,Electrónica,Drum Bass,1,Brasileña,No,LG Optimus Stage,1
2013,Mecánico,Synth pop,Pop alternativo,Indie pop,2,Chilena,No,LG Optimus Stage,1
2013,Zonora Point,Rap,Cumbia,Urbano,2,Chilena,No,Lotus Stage,1
2013,Intimate Stranger,Indie pop,Rock,NA,4,Chilena,No,Lotus Stage,1
2013,Keko Yoma,Rock,Ska,Latin,6,Chilena,No,Lotus Stage,1
2013,Pascuala Y Fauna,Pop,NA,NA,6,Chilena,No,Lotus Stage,1
2013,Tréboles,Power rock,Pop rock,Indie contemporáneo,5,Chilena,No,Lotus Stage,1
2013,The Black Keys ,Blues rock,Garage rock,Indie rock,2,Estadounidense,Sí,Claro Stage,1
2013,A perfect Circle,Rock alternativo,Metal alternativo,Post grunge,5,Estadounidense,No,Claro Stage,1
2013,Tomahawk,Rock experimental,Rock alternativo,Metal alternativo,4,Estadounidense,No,Claro Stage,1
2013,"Gary Clark, Jr.",Soul ,Blues,Pop rock,1,Estadounidense,No,Claro Stage,1
2013,Perrosky,Rock and roll,Folk,Blues,2,Chilena,No,Claro Stage,1
2013,deadmau5,House progresivo,Electrohouse,Electrónica,1,Canadiense,Sí,Coca-Cola Stage,1
2013,Franz Ferdinand,Indie rock,Post punk revival,Dance punk,4,Británica,No,Coca-Cola Stage,1
2013,Keane,Piano rock,Pop rock,Rock alternativo,4,Británica,No,Coca-Cola Stage,1
2013,Manuel García,Rock,Trova,Folk,1,Chilena,No,Coca-Cola Stage,1
2013,De Saloon,Rock alternativo,Pop rock,Indie rock,3,Chilena,No,Coca-Cola Stage,1
2013,Los Tres,Rock ,Folk rock,Jazz rock,3,Chilena,No,Playstation Stage,1
2013,Bad Brains,Hardcore punk,Metal alternativo,Punk rock,4,Estadounidense,No,Playstation Stage,1
2013,Foals,Indie rock,Dance-punk,Math rock,4,Británica,No,Playstation Stage,1
2013,Marcelo D2,Reggae,Samba,Hip hop,1,Brasileña,No,Playstation Stage,1
2013,Toro y Moi,Chillwave,Indietrónica,Synth pop,1,Estadounidense,No,Playstation Stage,1
2013,Russian Red,Alternativo,Indie pop,Indie folk,1,Española,No,Playstation Stage,1
2013,Steve Aoki,Electrónica,Electro house ,Big room,1,Estadounidense,No,LG Optimus Stage,1
2013,Nas,Hip hop ,East Coast Hip hop,Jazz rap,1,Estadounidense,No,LG Optimus Stage,1
2013,Porter Robinson,Electro house,Synth pop,Indie pop,1,Estadounidense,No,LG Optimus Stage,1
2013,RVSB,Electrónica,NA,NA,2,Chilena,No,LG Optimus Stage,1
2013,Poncho,Electrónica,Synth pop,Dance pop,3,Argentina,No,LG Optimus Stage,1
2013,Daniel Klauser,Electrónica,NA,NA,1,Chilena,No,LG Optimus Stage,1
2013,Kali Mutsa,Andino,Gitano,NA,2,Chilena,No,Lotus Stage,1
2013,Protistas,Noise pop,Indie rock,Indie pop,4,Chilena,No,Lotus Stage,1
2013,Resina Lala,Punk rock,Punk visual,NA,5,Colombiana,No,Lotus Stage,1
2013,Red Oblivion,Rock,Punk metal,NA,3,Estadounidense,No,Lotus Stage,1
2013,Agents,Hard rock,Rock alternativo,Punk rock,4,Chilena,No,Lotus Stage,1
2014,Movimiento Original,Hip hop,Rap reggae,NA,3,Chilena,No,Coca-Cola Stage,1
2014,Lucybell,Rock alternativo,Shoegaze,Dream pop,3,Chilena,No,Coca-Cola Stage,1
2014,Cage the Elephant,Indie Rock,Blues Rock,Rock Alternativo,6,Estadounidense,No,Coca-Cola Stage,2
2014,Ellie Goulding + P!nk,Indie pop,Pop,Dance,2,Británica,No,Coca-Cola Stage,1
2014,Nine Inch Nails,Rock industrial,Rock alternativo,Rock electrónico,2,Estadounidense,Sí,Coca-Cola Stage,1
2014,Joe Vasconcellos,Pop-rock,Blues,Cumbia,1,Chilena,No,Claro Stage,1
2014,Café Tacuba,Art pop,Art rock,Folk,4,Mexicana,No,Claro Stage,1
2014,Imagine Dragons,Pop rock,Electro rock,Rock alternativo,4,Estadounidense,No,Claro Stage,1
2014,Phoenix,Indie rock,Indie pop,Synth pop,4,Francesa,No,Claro Stage,1
2014,Red Hot Chili Peppers,Rock alternativo,Pop rock,Funk rock,4,Estadounidense,Sí,Claro Stage,1
2014,Fat Pablo,Jungle,Drum bass,Dance,1,Chilena,No,LG G2 Stage,1
2014,Lance Herbstrong,Reggae,Dancehall,NA,3,Estadounidense,No,LG G2 Stage,1
2014,Flume,Electrónica,Downtempo,Experimental,1,Australiana,No,LG G2 Stage,1
2014,Baauer,Trap,Dance,Electrónica,1,Estadounidense,No,LG G2 Stage,1
2014,Wolfgang Gartner,Dance,Electrónica,NA,1,Estadounidense,No,LG G2 Stage,1
2014,The Bloody Beetroots,Electrohouse,Dance,Dubstep,2,Italiana,No,LG G2 Stage,1
2014,Zedd,Electrónica,Dance pop,House,1,Rusa,No,LG G2 Stage,1
2014,Prefiero Fernández,Pop,Rock,NA,3,Chilena,No,Paris Stage,1
2014,Hordatoj,Hip hop,Rap,Bolero,1,Chilena,No,Paris Stage,1
2014,Dr. Vena,Hard rock,NA,NA,4,Chilena,No,Paris Stage,1
2014,Nacao Zumbi,Manguebeat,Funk,Rock,7,Brasileña,No,Paris Stage,1
2014,Upa!,New wave,Jazz Rock,Rock,4,Chilena,No,Paris Stage,1
2014,Onda Vaga,Reggae,Folk,Rock,5,Argentina,No,Paris Stage,1
2014,Santobando,Rock,Reggae,Dub,7,Chilena,No,Playstation Stage,1
2014,Nano Stern,Rock,Folk,Trova,1,Chilena,No,Playstation Stage,1
2014,Capital Cities,Synth pop,Indie pop,Indie rock,2,Estadounidense,No,Playstation Stage,1
2014,Jake Bugg,Indie rock,Indie folk,Country rock,1,Británica,No,Playstation Stage,1
2014,AFI,Rock alternativo,Post hardcore,Pop punk ,5,Estadounidense,No,Playstation Stage,1
2014,Francisca Valenzuela,Pop rock,Pop latino,Folk,1,Chilena,No,Playstation Stage,2
2014,The Wailers,Ska,Reggae,Rocksteady,8,Jamaicana,No,Playstation Stage,1
2014,We Are the Grand,Indie Rock,Rock alternativo,Pop rock,4,Chilena,No,Coca-Cola Stage,2
2014,Anita Tijoux,Rap ,Hip Hop,Jazz Rap,1,Chilena,No,Coca-Cola Stage,2
2014,Johnny Marr,Rock alternativo,Jangle pop,Indie rock,1,Británica,No,Coca-Cola Stage,1
2014,Vampire Weekend ,Indie pop,Indie rock,Afrobeat,4,Estadounidense,No,Coca-Cola Stage,1
2014,Arcade Fire,Indie rock,Art rock,Chamber pop,5,Canadiense,Sí,Coca-Cola Stage,1
2014,Hoppo!,Folk,Rock,Alternativo,5,Mexicana,No,Claro Stage,2
2014,Portugal The Man,Indie rock,Pop psicodélico,Rock progresivo,6,Estadounidense,No,Claro Stage,1
2014,Julian Casablancas,Rock alternativo,Indie rock,Indie pop,1,Estadounidense,No,Claro Stage,1
2014,Pixies,Rock alternativo,Indie pop,Indie rock,4,Estadounidense,No,Claro Stage,1
2014,Soundgarden,Grunge,Rock alternativo,Hard rock,4,Estadounidense,Sí,Claro Stage,1
2014,Alejandro Vivanco,Electrónica,NA,NA,1,Chilena,No,LG G2 Stage,1
2014,Sanfuentes,Electrónica,Hip Hop,Pop,1,Chilena,No,LG G2 Stage,1
2014,Perryetty vs Joachim Garraud,Rock ,Electrónica,NA,3,Estadounidense,No,LG G2 Stage,1
2014,Flux Pavilion,Dubstep,Dance ,Electrónica,1,Británica,No,LG G2 Stage,1
2014,Krewella,Dance,Electrónica,House,2,Estadounidense,No,LG G2 Stage,1
2014,Kid Cudi,Rap,Hip Hop,NA,1,Estadounidense,No,LG G2 Stage,1
2014,Axwell,Dance,Electrónica,NA,1,Sueca,No,LG G2 Stage,1
2014,Rama,Rock alternativo,NA,NA,4,Chilena,No,Paris Stage,1
2014,Mistah Dijah,Reggae,Dancehall,NA,1,Chilena,No,Paris Stage,1
2014,Bolerito,Rock,Electrónica,NA,2,Chilena,No,Paris Stage,1
2014,Niño Cohete,Folk pop,Indie,Alternativo,4,Chilena,No,Paris Stage,1
2014,Nicole,Pop,Pop rock,NA,1,Chilena,No,Paris Stage,1
2014,Red Oblivion,Rock,Punk metal,NA,3,Estadounidense,No,Playstation Stage,2
2014,Natalia Lafourcade,Pop,Latino,Rock,1,Mexicana,No,Playstation Stage,1
2014,Inti Illimani,Latino,Folclore,Tropical,8,Chilena,No,Playstation Stage,1
2014,Savages,Rock,Alternativo,NA,4,Británica,No,Playstation Stage,1
2014,Lorde,Art pop,Synth pop,Dream pop,1,Neozelandesa,No,Playstation Stage,1
2014,Jovanotti,Rap ,Hip Hop,NA,1,Italiana,No,Playstation Stage,1
2014,New Order,Rock,Electrónica,NA,5,Británica,No,Playstation Stage,1
2015,Fernando Milagros,Pop rock,Indie folk,Trova,1,Chilena,No,VTR Stage,2
2015,Donavon Frankenreiter,Rock,NA,NA,1,Estadounidense,No,VTR Stage,1
2015,The Kooks ,Alternativo,Independiente,Rock,4,Británica,No,VTR Stage,1
2015,The Smashing Pumpkins,Grunge,Rock alternativo,NA,4,Estadounidense,Sí,VTR Stage,1
2015,Jack White,Rock,Indie pop,NA,1,Estadounidense,Sí,VTR Stage,1
2015,López,Pop rock,Pop,NA,4,Chilena,No,Coca-Cola,1
2015,Congreso,Fusión latinoamericana,NA,NA,7,Chilena,No,Coca-Cola,1
2015,Molotov,Rock,Rap,Metal,4,Mexicana,No,Coca-Cola,1
2015,Foster the People,Indie Rock,Indie Pop,Alternativo,3,Estadounidense,Sí,Coca-Cola,2
2015,Skrillex,Electrónica,Dubstep,Dance,1,Estadounidense,Sí,Coca-Cola,2
2015,DJ Caso,Electrónica,Dance,Techno,1,Chilena,No,D-Box VTR,1
2015,MKRNI,Pop,Electropop,Dance,3,Chilena,No,D-Box VTR,1
2015,Matanza,Electrónica,Folclore,Dub,3,Chilena,No,D-Box VTR,2
2015,Kill The Noise,Drum Bass,Dubstep,NA,1,Estadounidense,No,D-Box VTR,1
2015,Carnage,Death metal,NA,NA,5,Estadounidense,No,D-Box VTR,1
2015,Dillon Francis,Moombahton,Electro house,Dubstep,1,Estadounidense,No,D-Box VTR,1
2015,Ritmo Machine ,Funk,Electrónica,Percusión,2,Estadounidense,No,D-Box VTR,1
2015,Nicky Romero,House,Dance,Electrónica,1,Países Bajos,No,D-Box VTR,1
2015,Marineros ,Alternativo,Independiente,NA,2,Chilena,No,Lotus ,1
2015,Oh Margot!,Pop rock,NA,NA,4,Chilena,No,Lotus,1
2015,Manu Da Banda,Acústico,NA,NA,7,Chilena,No,Lotus,1
2015,Hielo Negro,Stoner rock,Metal,NA,3,Chilena,No,Lotus,1
2015,Esteman,Pop rock,Indie pop,Jazz,1,Colombiana,No,Lotus,1
2015,Chinoy,Folk punk,Trova,NA,1,Chilena,No,Lotus,1
2015,Javiera y Los Imposibles,Pop rock,Tropipop,NA,4,Chilena,No,Lotus,1
2015,Abya Yala,Latino,Rock,Reggae,13,Chilena,No,Acer,1
2015,Maxi Trusso,Pop,Electrónica,NA,1,Argentina,No,Acer,1
2015,Zaturno,Rap ,Hip hop,NA,1,Chilena,No,Acer,1
2015,Camila Moreno,Folk Rock,Rock,Indie,1,Chilena,No,Acer,2
2015,Chancho en Piedra & Los Tetas,Funk rock,NA,NA,9,Chilena,No,Acer,2
2015,St. Vincent,Art rock,Indie pop,Indie rock,1,Estadounidense,No,Acer,1
2015,Anita Tijoux,Rap ,Hip Hop,Jazz Rap,1,Chilena,No,Acer,
2015,Quique Neira,Reggae,Ska,Roots reggae,1,Chilena,No,VTR Stage,2
2015,Astro,Indie Pop,NA ,NA,4,Chilena,No,VTR Stage,1
2015,The Specials,Ska revival,NA,NA,3,Británica,No,VTR Stage,1
2015,Bastille,Indie pop,NA,NA,4,Británica,No,VTR Stage,1
2015,Robert Plant,Rock,NA,NA,1,Británica,Sí,VTR Stage,1
2015,Kings of Leon,Rock,Pop,NA,4,Estadounidense,Sí,VTR Stage,1
2015,Pedro Piedra,Rock,Hip Hop,Indie,1,Chilena,No,Coca-Cola,2
2015,Lumumba,Reggae,NA,NA,3,Argentina,No,Coca-Cola,1
2015,Alt-J,Indie rock,NA,NA,3,Británica,No,Coca-Cola,1
2015,Kasabian,Rock alternativo,NA,NA,3,Británica,No,Coca-Cola,1
2015,Calvin Harris,Electro,Dance,Pop,1,Británica,Sí,Coca-Cola,2
2015,AFRIK,Nativo,Electrónica,NA,6,Chilena,No,D-Box VTR,1
2015,ATOM ,Electrónica,NA,NA,4,Estadounidense,No,D-Box VTR,1
2015,Rudimental,Electrónica,Drum Bass,NA,3,Británica,No,D-Box VTR,1
2015,RVSB,Electrónica,NA,NA,2,Chilena,No,D-Box VTR,2
2015,DJ Snake,Electrónica,Trap,Dubstep,1,Francesa,No,D-Box VTR,1
2015,Cypress Hill,Rap ,Hip Hop,Rap Rock,4,Estadounidense,No,D-Box VTR,2
2015,Major Lazer,Reggae,Dance,Electrónica,3,Estadounidense,No,D-Box VTR,2
2015,Fármacos,Rock,Pop,NA,5,Chilena,No,Lotus,1
2015,Dead Christine,Indie,NA,NA,2,Chilena,No,Lotus,1
2015,Lilits,Rock ,Punk,NA,4,Chilena,No,Lotus,1
2015,María Magdalena,Pop,Electrónica,NA,1,Chilena,No,Lotus,1
2015,Miss Garrison,Indie,NA,NA,3,Chilena,No,Lotus,1
2015,Yajaira,Rock psicodélico,Rock clásico,NA,4,Chilena,No,Lotus,1
2015,Tinariwen,Folk,Rock,Blues,7,Mali,No,Lotus,1
2015,Coffeehouse,Rock,Pop,NA,4,Chilena,No,Acer,1
2015,Portavoz,Rap ,Hip Hop,NA,1,Chilena ,No,Acer,1
2015,Mass Mental,Rock,Metal,NA,5,Estadounidense,No,Acer,1
2015,The Last Internationale,Rock,NA,NA,2,Estadounidense,No,Acer,1
2015,Chet Faker,Alternativa,Independiente,NA,1,Australiana,No,Acer,1
2015,Damian Marley,Roots Reggae,Dancehall,NA,1,Jamaicana,No,Acer,1
2015,SBTRKT,Dance,Electrónica,NA,1,Británica,No,Acer,1
2015,Interpol,Indie rock,Rock alternativo,Post-punk revival,3,Estadounidense,No,Acer,1
2016,Eminem,Hip Hop,Rap,NA,1,Estadounidense,Sí,VTR Stage,1
2016,Tame Impala,Rock psicodélico,Pop psicodélico,Synth pop,5,Australiana,No,VTR Stage,1
2016,Jungle,Soul,Nu-disco,Neo soul,7,Británica,No,VTR Stage,1
2016,Movimiento Original,Hip hop,Rap reggae,NA,3,Chilena,No,VTR Stage,2
2016,Florence and the Machine,Rock alternativo,Pop barroco,Soul,5,Británica,Sí,VTR Stage,1
2016,Noel Gallagher's High Flying Birds,Rock alternativo,Indie rock,Pop Barroco,5,Británica,No,VTR Stage,1
2016,Eagles of Death Metal,Rock alternativo,Garage rock,Hard rock,4,Estadounidense,No,VTR Stage,1
2016,Alabama Shakes,Southern rock,Soul,Blues rock,4,Estadounidense,No,VTR Stage,2
2016,Twenty One Pilots,Electropop,Rap rock,Indie pop,2,Estadounidense,No,VTR Stage,1
2016,Vintage Trouble,Blues rock,R&B,Soul,4,Estadounidense,No,VTR Stage,1
2016,JACK Ü,Electrónica,Dubstep,Dancehall,2,Estadounidense,SÍ,Itaú Stage,1
2016,Of Monsters and Men ,Folk pop,Indie folk,Folk rock,5,Islandesa,No,Itaú Stage,2
2016,Albert Hammond Jr.,Indie Rock,Garage rock,Post-punk revival,1,Estadounidense,No,Itaú Stage,1
2016,Javiera Mena,Electropop,Indie pop,Pop,1,Chilena,No,Itaú Stage,2
2016,Ases Falsos,Rock alternativo,NA,NA,5,Chilena,No,Itaú Stage,1
2016,Mumford & Sons,Folk rock,Rock,Indie folk,4,Británica,Sí,Itaú Stage,1
2016,Bad Religion,Punk rock,Hardcore punk,Skate punk,5,Estadounidense,No,Itaú Stage,1
2016,Babasónicos,Rock alternativo,Art pop,Rock electrónico,5,Argentina,No,Itaú Stage,1
2016,Brandon Flowers,Rock alternativo,Indie rock,NA,1,Estadounidense,No,Itaú Stage,1
2016,Tinariwen,Folk,Rock,Blues,7,Argelina-Maliense,No,Itaú Stage,1
2016,Gepe,Pop,Electropop,Rock alternativo,1,Chilena,No,ACER-WINDOWS 10 Stage,2
2016,Halsey,Pop,Indie pop,R&B,1,Estadounidense,No,ACER-WINDOWS 10 Stage,1
2016,Walk the Moon,Indie Rock,New wave,Indie pop,4,Estadounidense,No,ACER-WINDOWS 10 Stage,1
2016,Candlebox,Rock alternativo,Post-grunge,NA,5,Estadounidense,No,ACER-WINDOWS 10 Stage,1
2016,The Joy Formidable,Indie Rock,Post-punk,Dream pop,3,Británica,No,ACER-WINDOWS 10 Stage,1
2016,Jiminelson,Blues rock,Soul,Punk,5,Chilena,No,ACER-WINDOWS 10 Stage,1
2016,Die Antwoord,Hip hop alternativo,Rave,Electrónica,2,Sudafricana,No,ACER-WINDOWS 10 Stage,1
2016,Ghost,Heavy metal,Doom metal,Shock Rock,9,Sueca,No,ACER-WINDOWS 10 Stage,1
2016,Marina and The Diamonds,Pop ,Indie pop,Electropop,1,Británica,No,ACER-WINDOWS 10 Stage,1
2016,Odesza,Indietrónica,Electropop,Chillwave,2,Estadounidense,No,ACER-WINDOWS 10 Stage,1
2016,Seeed,Reggae,Dancehall,NA,11,Alemana,No,ACER-WINDOWS 10 Stage,1
2016,Tiano Bless,Reggae,Jazz,Champeta,1,Chilena-Brasileña,No,ACER-WINDOWS 10 Stage,1
2016,Zedd,Electrónica,Dance pop,House,1,Rusa,No,d-BOX Stage,2
2016,Todos Tus Muertos,Punk rock,Reggae,Rap rock,5,Argentina,No,d-BOX Stage,2
2016,Duke Dumont,House,UK garage,Deep house,1,Británica,No,d-BOX Stage,1
2016,Flosstradamus,Trap ,Hip hop,NA,1,Estadounidense,No,d-BOX Stage,1
2016,Bitman & Roban,Hip hop,Funk,R&B,1,Chilena,No,d-BOX Stage,1
2016,Jack Novak,House ,Electrónica,NA,1,Estadounidense,No,d-BOX Stage,1
2016,DJ Who,Electrónica,Pop,NA,1,Chilena,No,d-BOX Stage,1
2016,Kaskade,House,Electro house,Future bass,1,Estadounidense,No,d-BOX Stage,2
2016,Zeds Dead,Electrónica,Deep house,Dubstep,2,Canadiense,No,d-BOX Stage,2
2016,RL Grime,Trap ,Future bass,Electro house,1,Estadounidense,No,d-BOX Stage,1
2016,A-Trak,Electro house,Hip hop,NA,1,Canadiense,No,d-BOX Stage,1
2016,Gramatik,Hip hop,NA,NA,3,Eslovena,No,d-BOX Stage,1
2016,Matthew Koma,Pop,Punk,Electrónica,1,Estadounidense,No,d-BOX Stage,1
2016,Tunacola,Hip hop,Pop,Electro pop,5,Chilena,No,d-BOX Stage,1
2016,Föllakzoid ,Alternativa,Independiente,NA,7,Chilena,No,Lotus Stage,2
2016,Kuervos del Sur,Rock progresivo,Folk rock,Post grunge,6,Chilena,No,Lotus Stage,1
2016,Magaly Fields,Psicodelia,Punk,Rock,2,Chilena,No,Lotus Stage,1
2016,Telebit,Rock alternativo,Indie rock,Rock electrónico,3,Colombiana,No,Lotus Stage,1
2016,The Suicide Bitches,Punk rock,Garage rock,NA,4,Chilena,No,Lotus Stage,1
2016,Julius Popper,Blues rock,Rock ,Rockabilly,6,Chilena,No,Lotus Stage,1
2016,Aguaturbia,Rock psicodélico,NA,NA,2,Chilena,No,Lotus Stage,1
2016,Oddó,Folclor,Afroamericano,NA,1,Chilena-Francesa,No,Lotus Stage,1
2016,La Guacha,Pop,Cumbia,Bolero,4,Chilena,No,Lotus Stage,1
2016,Stone Giant,Hard rock,Blues,NA,4,Estadounidense,No,Lotus Stage,1
2016,Planeta No,Indie pop,Indietrónica,Indie rock,3,Chilena,No,Lotus Stage,1
2017,Metallica,Heavy metal,Trash metal,Speed metal,4,Estadounidense,Sí,VTR Stage,1
2017,Rancid,Punk rock,Ska punk,Pop punk,4,Estadounidense,No,VTR Stage,1
2017,Cage The Elephant,Indie rock,Blues rock,Garage rock,6,Estadounidense,No,VTR Stage,3
2017,Lucybell,Rock alternativo,Shoegaze,Dream pop,3,Chilena,No,VTR Stage,2
2017,La Pozze Latina,Hip hop,Rap rock,Funk,2,Chilena,No,VTR Stage,1
2017,The Strokes,Garage rock rival,Indie rock,Post-punk revival,5,Estadounidense,Sí,VTR Stage,1
2017,Two Door Cinema Club,Indie rock,Indie pop,Dance-punk,3,Británica,No,VTR Stage,2
2017,Jimmy Eat World,Rock alternativo,Power pop,Pop punk,4,Estadounidense,No,VTR Stage,1
2017,Alex Anwandter,Pop,Electropop,Rock alternativo,1,Chilena,No,VTR Stage,2
2017,We Are the Grand,Indie Rock,Rock alternativo,Pop rock,4,Chilena,No,VTR Stage,3
2017,The XX,Indie pop,Dream pop,Indie rock,3,Británica,Sí,Itaú Stage,2
2017,The 1975,Pop rock,Indie pop,Indie rock,4,Británica,No,Itaú Stage,1
2017,Glass Animals,Indie rock,Indie pop,Alternative pop,4,Británica,No,Itaú Stage,1
2017,Weichafe,Rock alternativo,Metal alternativo,Hard rock,3,Chilena,No,Itaú Stage,1
2017,Villa Cariño,Cumbia,NA,NA,9,Chilena,No,Itaú Stage,1
2017,The Weeknd,R&B,Pop,Electropop,1,Canadiense,Sí,Itaú Stage,1
2017,Duran Duran,New romantic,Synth pop,New wave,4,Británica,No,Itaú Stage,1
2017,Catfish and the Bottlemen,Indie rock,Rock alternativo,Post-punk revival,4,Británica,No,Itaú Stage,1
2017,Gondwana,Reggae,Rocksteady,R&B,8,Chilena,No,Itaú Stage,1
2017,Liricistas,Hip hop,Rap,NA,3,Chilena,No,Itaú Stage,1
2017,Prehistöricos,Pop,Indie,NA,2,Chilena,No,Acer Stage,1
2017,Newen Afrobeat,Afrobeat,Funk,NA,13,Chilena,No,Acer Stage,1
2017,Silversun Pickups,Rock alternativo,Indie rock,Shoegaze,4,Estadounidense,No,Acer Stage,1
2017,Bomba Estéreo,Rap alternativo,Reggae,Electro,2,Colombiana,No,Acer Stage,2
2017,Tove Lo,Pop,Electropop,Indie pop,1,Sueca,No,Acer Stage,1
2017,G-Eazy,Rap alternativo,Trap,NA,1,Estadounidense,No,Acer Stage,1
2017,Chicago Toys,Shoegaze,Rock,Dream pop,3,Chilena,No,Acer Stage,1
2017,Tegan & Sara,Indie pop,Indie folk,Pop punk,2,Canadiense,No,Acer Stage,1
2017,Vance Joy,Indie pop,Indie folk,NA,1,Australiana,No,Acer Stage,1
2017,MØ,Indie pop,Electropop,Synth pop,1,Danesa,No,Acer Stage,1
2017,Melanie Martinez,Pop alternativo,Electropop,Pop rock,1,Estadounidense,No,Acer Stage,1
2017,Flume,Electrónica,Downtempo,Experimental,1,Australiana,No,Acer Stage,2
2017,Roman & Castro,House,Deep house,NA,2,Chilena,No,Perry's Stage,1
2017,Alok,Electrónica,House,Deep house,1,Brasileña,No,Perry's Stage,1
2017,DJ Who,Electrónica,Pop,NA,1,Chilena,No,Perry's Stage,2
2017,Don Diablo,Electrónica,Electro house,Future house,1,Neerlandesa,No,Perry's Stage,1
2017,Tchami,Deep house,Future house,Bass house,1,Francesa,No,Perry's Stage,1
2017,Marshmello,Electrónica,Future Bass,Dubstep,1,Estadounidense,No,Perry's Stage,1
2017,Diplo,Electrónica,Hip hop,Pop,1,Estadounidense,No,Perry's Stage,1
2017,Rodrigo Valdes,Blues,Pop,Rock,1,Chilena,No,Perry's Stage,1
2017,Vives & Forero,Electrónica,Bass,House,2,Chilena,No,Perry's Stage,1
2017,Borgore,Dubstep,Electrónica,Step metal,1,Israelí,No,Perry's Stage,1
2017,GRiZ,Electro soul,Funk,Electrónica,1,Estadounidense,No,Perry's Stage,1
2017,Nervo,Electrónica,Electro house,Deep house,2,Australiana,No,Perry's Stage,1
2017,Oliver Heldens,Future house,Bass house,Deep house,1,Neerlandesa,No,Perry's Stage,1
2017,Martin Garrix,Electro house,Big room,Deep house,1,Neerlandesa,No,Perry's Stage,1
2017,Tus amigos nuevos,Rock,Pop,NA,4,Chilena,No,Lotus Stage,1
2017,Mariel Mariel,Pop,Rap,Tango,1,Chilena,No,Lotus Stage,1
2017,Enrique Icka,Folk,Rock,NA,1,Chilena,No,Lotus Stage,1
2017,Amahiro,Folk,Rock,Blues,5,Chilena,No,Lotus Stage,1
2017,Temple Agents,Hard Rock,NA,NA,4,Chilena,No,Lotus Stage,1
2017,Boraj,Post rock,Folk,Electrónica,7,Chilena,No,Lotus Stage,1
2017,Zaturno,Rap ,Hip hop,NA,1,Chilena,No,Lotus Stage,2
2017,Mad Professor,Reggae,Dub,NA,1,Guayanés,No,Lotus Stage,1
2017,Me llamo Sebastián,Indie pop,Folk rock,Pop rock,1,Chilena,No,Lotus Stage,1
2017,Rey Puesto,Rock,Grunge,Stoner rock,4,Chilena,No,Lotus Stage,1
2017,8 Monkys,Funk,Rock alternativo,Hip hop,6,Chilena,No,Lotus Stage,1
2017,Paz Court,Jazz,Pop,Bolero,1,Chilena,No,Lotus Stage,1
2017,Dr. Vena,Hard rock,NA,NA,4,Chilena,No,Lotus Stage,2
2017,Crisálida,Rock progresivo,Metal progresivo,NA,5,Chilena,No,Lotus Stage,1
2017,López,Pop rock,Pop,NA,4,Chilena,No,Lotus Stage,2
2018,Pearl Jam,Grunge,Hard rock,Rock alternativo,5,Estadounidense,Sí,VTR Stage,2
2018,The National,Indie rock,Post-punk revival,Chamber pop,5,Estadounidense,No,VTR Stage,2
2018,Milky Chance,Indie folk,Indie rock,Rock alternativo,4,Alemana,No,VTR Stage,1
2018,Ego Kill Talent,Rock,Hard rock,Heavy metal,5,Brasileña,No,VTR Stage,1
2018,Pedro Piedra,Rock,Hip hop,Indie,1,Chilena,No,VTR Stage,3
2018,Red Hot Chili Peppers,Rock alternativo,Pop rock,Funk rock,4,Estadounidense,Sí,VTR Stage,2
2018,Chance the Rapper,Hip hop,Rap alternativo,R&B,1,Estadounidense,Sí,VTR Stage,1
2018,Mon Laferte,Bolero,Indie pop,Pop rock,1,Chilena,No,VTR Stage,1
2018,Chancho en Piedra,Funk rock,Rock experimental,NA,4,Chilena,No,VTR Stage,3
2018,Alain Johannes Trio,Rock alternativo,Hard rock,Blues rock,3,Chilena,No,VTR Stage,1
2018,The Killers,Rock alternativo,Post-punk revival,New wave,4,Estadounidense,Sí,VTR Stage,2
2018,Liam Gallagher,Rock alternativo,Rock psicodelico,Britpop,1,Británica,No,VTR Stage,1
2018,Metronomy,Indietrónica,New wave,Indie pop,5,Británica,No,VTR Stage,1
2018,Kaleo,Indie rock,Blues rock,Garage rock,5,Islandesa,No,VTR Stage,1
2018,Moral distraída,Tropical,Urbano,NA,10,Chilena,No,VTR Stage,1
2018,LCD Soundsystem,Dance-punk,Indietrónica,Indie rock,8,Estadounidense,Sí,Itaú Stage,1
2018,David Byrne,Art pop,Art rock,New wave,1,Británica,No,Itaú Stage,1
2018,Los Jaivas,Rock,Folclore ,Fusión latinoamericana,6,Chilena,No,Itaú Stage,2
2018,Zoé,Rock alternativo,Neopsicodelia,Soft rock,5,Mexicana,No,Itaú Stage,1
2018,Como asesinar a Felipes,Hip hop alternativo,Rap experimental,Rock Psicodélico,5,Chilena,No,Itaú Stage,2
2018,Imagine Dragons,Pop rock,Electro rock,Rock alternativo,4,Estadounidense,Sí,Itaú Stage,2
2018,Royal Blood,Hard rock,Blues rock,Garage rock,2,Británica,No,Itaú Stage,1
2018,Spoon,Art rock,Folk rock,Indie pop,4,Estadounidense,No,Itaú Stage,1
2018,Las Pelotas,Rock,Funk rock,Reggae,6,Argentina,No,Itaú Stage,1
2018,Santaferia,Cumbia,NA,NA,11,Chilena,No,Itaú Stage,1
2018,Lana del Rey,Indie pop,Trip hop,Indie rock,1,Estadounidense,Sí,Itaú Stage,1
2018,Khalid,R&B,Pop,NA,1,Estadounidense,No,Itaú Stage,1
2018,The Neighbourhood,Rock alternativo,Indie rock,Indie pop,5,Estadounidense,No,Itaú Stage,1
2018,Damas Gratis,Cumbia villera,Ska,Cumbia ,8,Argentina,No,Itaú Stage,1
2018,Kuervos del Sur,Rock progresivo,Folk rock,Post grunge,6,Chilena,No,Itaú Stage,2
2018,Camila Cabello,Pop,R&B,Salsa,1,Cubana,No,Acer Stage,1
2018,Anderson .Paak,,R&B/hip hop/funk/soul,,1,Estadounidense,No,Acer Stage,1
2018,Zara Larsson,Dance pop,Pop,Electropop,1,Sueca,No,Acer Stage,1
2018,Oh Wonder,Indie pop,Electropop,Synth pop,4,Británica,No,Acer Stage,1
2018,Fernando Milagros,Pop rock,Indie folk,Trova,1,Chilena,No,Acer Stage,3
2018,Ceaese,Trap latino,Urbano,NA,1,Chilena,No,Acer Stage,1
2018,Aurora,Pop,Synth pop,Folk,1,Noruega,No,Acer Stage,1
2018,Kygo,House tropical,Dance-pop,House progresivo,1,Noruega,No,Acer Stage,1
2018,Volbeat,Hard rock,Rock and roll,Trash metal,4,Danesa,No,Acer Stage,1
2018,Bajofondo,Tango electrónico,NA,NA,8,Argentina-Uruguaya,No,Acer Stage,1
2018,Lanza Internacional,Rock alternativo,New wave,Indie pop,3,Chilena-Mexicana,No,Acer Stage,1
2018,Spiral Vortex,Rock,Indie,Electrónica,4,Chilena,No,Acer Stage,1
2018,Wiz Khalifa,Hip hop,R&B,Trap,1,Estadounidense,No,Acer Stage,1
2018,Mac Miller,Hip hop,R&B,Soul,1,Estadounidense,No,Acer Stage,1
2018,Mac DeMarco,Bedroom pop,Indie rock,Indie pop,1,Canadiense,No,Acer Stage,1
2018,Tash Sultana,Reggae,R&B,Soul,1,Australiana,No,Acer Stage,1
2018,Kapitol,Rock,Pop,NA,4,Chilena,No,Acer Stage,2
2018,Camileazy,Trap latino,Reguetón,NA,1,Chilena,No,Acer Stage,1
2018,Galantis,Electrónica,NA,NA,2,Sueca,No,Perry's Stage,1
2018,Dillon Francis,Moombahton,Electro house,Dubstep,1,Estadounidense,No,Perry's Stage,2
2018,Alan Walker,Electro house,Dubstep,Dance pop,1,Noruega-Británica,No,Perry's Stage,1
2018,Cheat Codes,Electrónica,Pop,NA,3,Estadounidense,No,Perry's Stage,1
2018,Thomas Jack,Tropical house,Deep house,NA,1,Australiana,No,Perry's Stage,1
2018,Shoot the radio,Rock,Rock electrónico,NA,2,Argentina,No,Perry's Stage,1
2018,Jordan Ferrer,House,Tech house,NA,1,Chilena,No,Perry's Stage,1
2018,Hedo,Electrónica,NA,NA,1,Chilena,No,Perry's Stage,1
2018,Hardwell,Electrónica,Electro house,Techno,1,Neerlandesa,No,Perry's Stage,1
2018,DVBBS,Electrónica,House,Dance pop,2,Canadiense,No,Perry's Stage,1
2018,Alison Wonderland,Electrónica,Trap,Future bass,1,Australiana,No,Perry's Stage,1
2018,What So Not,Hip hop,Electrónica experimental,House,1,Australiana,No,Perry's Stage,1
2018,Shiba San,House,Tech house,NA,1,Francesa,No,Perry's Stage,1
2018,Mitú,Electrónica,Dance,Techno,2,Colombiana,No,Perry's Stage,1
2018,DJ Caso,Electrónica,Dance,Techno,1,Chilena,No,Perry's Stage,2
2018,Rubio,Pop  ,Electrónica,NA,1,Chilena,No,Perry's Stage,1
2018,DJ Snake,Electrónica,Trap,Dubstep,1,Francesa,No,Perry's Stage,2
2018,Yellow Claw,Future bass,Trap,Dubstep,2,Neerlandesa,No,Perry's Stage,1
2018,Deorro,Electro house,Dutch house,Trap,1,Mexicana-Estadounidense,No,Perry's Stage,1
2018,Nghtmre,Dubstep,Future bass,Electro house,1,Estadounidense,No,Perry's Stage,1
2018,Louis the Child,Dance pop,Electrónica,Future bass,2,Estadounidense,No,Perry's Stage,1
2018,Whethan,Electropop,Electrónica,Future bass,1,Estadounidense,No,Perry's Stage,1
2018,DJ Mel,House,Electrónica,Indie dance,1,Estadounidense,No,Perry's Stage,1
2018,De Kiruza,Soul,Hip hop,Reggae,7,Chilena,No,Lotus Stage,1
2018,Sinergia,Rock experimental,Rock cómico,Funk rock,6,Chilena,No,Lotus Stage,1
2018,Maxi Vargas,Reggae,NA,NA,1,Chilena,No,Lotus Stage,1
2018,The Ganjas,Rock psicodélico,Dub,Stoner rock,4,Chilena,No,Lotus Stage,2
2018,Cordillera,Rock,NA,NA,2,Chilena,No,Lotus Stage,1
2018,Fuglar,Indie pop,Electropop,NA,4,Chilena,No,Lotus Stage,1
2018,Vicente Sanfuentes,Electrónica,Hip hop,Folk,1,Chilena,No,Lotus Stage,2
2018,Latin Bitman,Hip hop,Funk,R&B,1,Chilena,No,Lotus Stage,2
2018,Movimiento Original,Hip hop,Rap reggae,NA,3,Chilena,No,Lotus Stage,3
2018,Amilcar,Electrónica,NA,NA,1,Argentina,No,Lotus Stage,1
2018,MKRNI,Pop,Electropop,Dance,3,Chilena,No,Lotus Stage,2
2018,TenTemPiés,Rock,Reggae,Ska,5,Chilena,No,Lotus Stage,1
2018,Matanza,Electrónica,Folclore,Dub,3,Chilena,No,Lotus Stage,3
2018,El Búho,Cumbia electrónica,Electro folk,NA,1,Británica,No,Lotus Stage,1
2018,Quique Neira,Reggae,Ska,Roots reggae,1,Chilena,No,Lotus Stage,3
2018,Tiano Bless,Reggae,Jazz,Champeta,1,Chilena-Brasileña,No,Lotus Stage,2
2018,Boom Boom Kid,Rock alternativo,Hardcore punk,Pop punk,1,Argentina,No,Lotus Stage,1
2018,Ribo,Rock alternativo,Metal alternativo,Hard rock,4,Chilena,No,Lotus Stage,1
2018,Solución Violeta,Rock alternativo,Indie rock,NA,5,Chilena,No,Lotus Stage,1
2018,Alex June,Pop,Electropop,Synth pop,1,Chilena,No,Aldea Verde Stage,1
2018,Tumu Tapu,Reggae,NA,NA,7,Chilena,No,Aldea Verde Stage,1
2018,Hausi Kuta,Rock,Post rock,NA,5,Chilena,No,Aldea Verde Stage,1
2018,El Búho,Cumbia electrónica,Electro folk,NA,1,Británica,No,Aldea Verde Stage,1
2018,Matanza,Electrónica,Folclore,Dub,3,Chilena,No,Aldea Verde Stage,3
2018,DJ Nea,Dancehall,Afrobeat,Hip hop ,1,Canadiense,No,Aldea Verde Stage,1
2018,Zsanchos,Groove,Psicodelia,Electrónica,2,Chilena,No,Aldea Verde Stage,1
2018,Roman & Castro,House,Deep house,NA,2,Chilena,No,Aldea Verde Stage,2
2018,Spiral Vortex,Rock,Indie,Electrónica,4,Chilena,No,Aldea Verde Stage,1
2018,MKRNI,Pop,Electropop,Dance,3,Chilena,No,Aldea Verde Stage,2
2019,The Inspector Cluzo,Blues,Groove,Rock,2,Francesa,No,VTR Stage,1
2019,Francisca Valenzuela,Pop rock,Pop latino,Folk,1,Chilena,No,VTR Stage,3
2019,Snow Patrol,Rock alternativo,Power pop,Indie rock,5,Británica,No,VTR Stage,1
2019,Greta Van Fleet,Rock,Hard rock,Blues rock,4,Estadounidense,No,VTR Stage,1
2019,Kendrick Lamar,Rap alternativo,Jazz rap,Hip hop ,1,Estadounidense,Sí,VTR Stage,1
2019,Monsieur Periné,Pop,Jazz,Bolero,2,Colombiana,No,VTR Stage,2
2019,Ziggy Marley,Reggae,NA,NA,1,Jamaicana,No,VTR Stage,1
2019,Bring Me The Horizon,Hard rock,Rock alternativo,Metal alternativo,5,Británica,No,VTR Stage,1
2019,Interpol,Indie rock,Rock alternativo,Post-punk revival,3,Estadounidense,No,VTR Stage,2
2019,Twenty One Pilots,Electropop,Rap rock,Indie pop,2,Estadounidense,Sí,VTR Stage,2
2019,Fiskales Ad-Hok,Punk rock,NA,NA,5,Chilena,No,VTR Stage,1
2019,Gepe,Pop,Electropop,Rock alternativo,1,Chilena,No,VTR Stage,3
2019,Juanes,Pop latino,Rock latino,Rock alternativo,1,Colombiana,No,VTR Stage,1
2019,The 1975,Pop rock,Indie pop,Indie rock,4,Británica,No,VTR Stage,2
2019,Arctic Monkeys,Indie Rock,Garage rock,Rock psicodélico,4,Británica,Sí,VTR Stage,2
2019,Frank'S White Canvas,Pop,Rock,NA,2,Chilena,No,Banco de Chile Stage,1
2019,LANY,Rock alternativo,Indie pop,Synth pop,3,Estadounidense,No,Banco de Chile Stage,1
2019,Los Tres,Rock ,Folk rock,Jazz rock,2,Chilena,No,Banco de Chile Stage,2
2019,Vicentico,Rock latino,Ska,Reggae,1,Argentina,No,Banco de Chile Stage,1
2019,Lenny Kravitz,Rock,Pop rock,Funk rock,1,Estadounidense,Sí,Banco de Chile Stage,1
2019,Zaturno,Rap ,Hip hop,NA,1,Chilena,No,Banco de Chile Stage,3
2019,Kamasi Washington,Jazz,NA,NA,1,Estadounidense,No,Banco de Chile Stage,1
2019,Portugal The Man,Indie rock,Pop psicodélico,Rock progresivo,6,Estadounidense,No,Banco de Chile Stage,2
2019,Years & Years,Synth pop,Electrónica,House,3,Británica,No,Banco de Chile Stage,1
2019,Post Malone,Hip hop,Trap,R&B,1,Estadounidense,Sí,Banco de Chile Stage,1
2019,Adelaida,Rock alternativo,Grunge,Shoegaze,3,Chilena,No,Banco de Chile Stage,1
2019,La Vela Puerca,Rock alternativo,Heavy metal,Ska,9,Uruguaya,No,Banco de Chile Stage,1
2019,Troye Sivan,Pop,Synth pop,Electropop,1,Sudafricana,No,Banco de Chile Stage,1
2019,Foals,Indie rock,Dance-punk,Math rock,4,Británica,No,Banco de Chile Stage,2
2019,Sam Smith,Pop,R&B,Soul,1,Británica,Sí,Banco de Chile Stage,1
2019,Playa Gótica,Indie pop,Rock alternativo,Funk ,4,Chilena,No,Acer Stage,1
2019,Bronko Yotte,Hip hop,Rap,NA,1,Chilena,No,Acer Stage,1
2019,Clairo,Pop alternativo,Indie pop,Folk,1,Estadounidense,No,Acer Stage,1
2019,Jorja Smith,R&B contemporáneo,NA,NA,1,Británica,No,Acer Stage,1
2019,Paulo Londra,Reguetón,R&B latino,Pop latino,1,Argentina,No,Acer Stage,1
2019,Humboldt,Indie rock,Soul,Pop,5,Chilena,No,Acer Stage,1
2019,Pillanes,Funk,Rock,Soul,5,Chilena,No,Acer Stage,1
2019,Ases Falsos,Rock alternativo,NA,NA,7,Chilena,No,Acer Stage,2
2019,The Fever 333,Hardcore punk,Nu metal,Rap rock,3,Estadounidense,No,Acer Stage,1
2019,Protoje & The Indiggnation,Reggae,Soul,Jazz,7,Jamaicana,No,Acer Stage,1
2019,Rüfüs Du Sol,Alternative dance,Electrónica,House,3,Australiana,No,Acer Stage,1
2019,Odesza,Indietrónica,Electropop,Chillwave,2,Estadounidense,No,Acer Stage,2
2019,Cigar Box,Rock alternativo,Blues rock,Psicodelia,4,Chilena,No,Acer Stage,1
2019,Caramelos de Cianuro,Rock,Punk,Rock alternativo,4,Venezolana,No,Acer Stage,1
2019,Parcels,Nu-disco,Funk,Indie pop,5,Australiana,No,Acer Stage,1
2019,Jain,Pop,Reggae,Electro,1,Francesa,No,Acer Stage,1
2019,Rosalía,Pop latino,R&B,Reguetón,1,Española,No,Acer Stage,1
2019,St. Vincent,Art rock,Indie pop,Indie rock,1,Estadounidense,No,Acer Stage,2
2019,Macklemore,Hip hop,Pop rap,NA,1,Estadounidense,No,Acer Stage,1
2019,Sistek,Tropical house,Indie pop,Electrónica,1,Chilena,No,Perry's Stage,1
2019,Kidd Keo,Trap latino,Rap ,Hip hop ,1,Española,No,Perry's Stage,1
2019,Kevinho,Funk paulista,Hip hop,NA,1,Brasileña,No,Perry's Stage,1
2019,Gryffin,Electrónica,Dance,NA,1,Estadounidense,No,Perry's Stage,1
2019,Kungs,House,Deep house,House tropical,1,Francesa,No,Perry's Stage,1
2019,Fisher,Techno,Tech house,NA,1,Australiana,No,Perry's Stage,1
2019,Kshmr,Electro house,Psytrance,Electrónica,1,Estadounidense,No,Perry's Stage,1
2019,Dimitri Vegas & Like Mike,Electrónica,Techno,Electro house,2,Belga,No,Perry's Stage,1
2019,Flak,Trap,R&B,Electrónica,1,Chilena,No,Perry's Stage,1
2019,Bad Gyal,Reguetón,Dancehall,Trap latino,1,Española,No,Perry's Stage,1
2019,Jetlag,House,Electrónica,NA,2,Brasileña,No,Perry's Stage,1
2019,Hippie Sabotage,Hip hop,Electrónica,Indie,2,Estadounidense,No,Perry's Stage,1
2019,Valentino Khan,Bass house,Future house,Dubstep,1,Estadounidense,No,Perry's Stage,1
2019,DJ Who,Electrónica,Pop,NA,1,Chilena,No,Perry's Stage,3
2019,RL Grime,Trap ,Future bass,Electro house,1,Estadounidense,No,Perry's Stage,2
2019,Steve Aoki,Electrónica,Electro house ,Big room,1,Estadounidense,No,Perry's Stage,2
2019,Polimá Westcoast,Pop rap,House,Trap latino,1,Chilena,No,Perry's Stage,1
2019,Omar Varela,Electrónica,Trap,Dubstep,1,Argentina,No,Perry's Stage,1
2019,Khea,Trap latino,Reguetón,Pop latino,1,Argentina,No,Perry's Stage,1
2019,GTA,Electro house,Electrónica,Hip hop ,2,Estadounidense,No,Perry's Stage,1
2019,Loud Luxury,Deep house,Future house,NA,2,Canadiense,No,Perry's Stage,1
2019,Don Diablo,Electrónica,Electro house,Future house,1,Neerlandesa,No,Perry's Stage,2
2019,Zhu,House,Deep house,NA,1,Estadounidense,No,Perry's Stage,1
2019,Tiësto,Electrónica,Trance,Bass house,1,Neerlandesa,Sí,Perry's Stage,1
2019,DrefQuila,Trap latino,Reguetón,R&B,1,Chilena,No,Lotus Stage,1
2019,Amanitas,Dream pop,Rock alternativo,NA,5,Chilena,No,Lotus Stage,1
2019,Green Valley,Reggae,Dancehall,Hip hop ,5,Española,No,Lotus Stage,1
2019,"Caetano, Moreno, Zeca y tom Veloso",Tropicália,Rock,MPB,4,Brasileña,No,Lotus Stage,1
2019,Tokio Ska Paradise Orchestra,Jazz,Ska,Soft Rock,9,Japonesa,No,Lotus Stage,1
2019,Gianluca,Trap latino,Reguetón,R&B latino,1,Chilena,No,Lotus Stage,1
2019,Tomasa Del Real,Neoperreo,Trap latino ,Techno,1,Chilena,No,Lotus Stage,1
2019,Alemán,Trap,Rap,R&B contemporáneo,1,Mexicana,No,Lotus Stage,1
2019,Paloma Mami,R&B latino,Reguetón,Pop latino,1,Chilena-Estadounidense,No,Lotus Stage,1
2019,Américo,Cumbia,Pop latino,NA,1,Chilena,No,Lotus Stage,1
2019,iLe,Bolero,Salsa,Balada,1,Puertorriqueña,No,Lotus Stage,1
2019,Alika,Reggae,Dancehall,Rap,1,Uruguaya,No,Lotus Stage,1
2019,C. Tangana,Rap,Reguetón,R&B,1,Española,No,Lotus Stage,1
2019,Joe Vasconcellos,Pop-rock,Blues,Cumbia,1,Chilena,No,Lotus Stage,2
2019,Natalia Contesse,Folclor,Fusión latinoamericana,NA,1,Chilena,No,Lotus Stage,3
2019,La Floripondio,Ska,Reggae,Cumbia,9,Chilena,No,Lotus Stage,1
2019,Tribu Huni Kuin,NA,NA,NA,NA,Brasileña-Peruana,No,Aldea Verde,1
2019,Kaleema,Electrónica,Folklore,NA,1,Argentina,No,Aldea Verde,1
2019,Elkin Robinson,Calipso,Gospel,Zouk,1,Colombiana,No,Aldea Verde,1
2019,Chancha Vía Circuito,Folklore digital,Cumbia digital,NA,1,Argentina,No,Aldea Verde,1
2019,Dj Raff,Electrónica,Hip hop,Trip-hop,1,Chilena,No,Aldea Verde,3
2019,Nicola Cruz,Electrónica andina,NA,NA,1,Francesa,No,Aldea Verde,1
2019,Satori,Electrónica,Tech house,NA,1,Neerlandesa,No,Aldea Verde,1
2019,Kingo Roots & Ras Kadhu,Reggae,NA,NA,2,Chilena,No,Aldea Verde,1
2019,Julio Victoria,Electrónica,Dance,NA,1,Colombiana,No,Aldea Verde,1
2019,A. Chal,Trap latino,R&B contemporáneo,Hip hop ,1,Peruana,No,Aldea Verde,1
2019,Rubio,Pop  ,Electrónica,NA,1,Chilena,No,Aldea Verde,2
2019,Nova Materia,Electrónica,Lo fi,NA,2,Chilena,No,Aldea Verde,1
2019,Booka Shade,Tech house,House,NA,2,Alemana,No,Aldea Verde,1
2019,Valesuchi,Electrónica,Dance,NA,1,Chilena,No,Aldea Verde,1
2019,Keko Yoma,Rock,Ska,Latin,6,Chilena,No,Aldea Verde,2
2019,Newen Afrobeat,Afrobeat,Funk,Fusión latinoamericana,14,Chilena,No,Aldea Verde,1
2019,Seun Kuti,Afrobeat,NA,NA,1,Nigeriana,No,Aldea Verde,1
2019,Batalla de los Gallos,Rap,Hip hop,NA,6,Chilena-Mexicana-Argentina,No,Aldea Verde,1
2019,Ana Tijoux,Hip hop consciente,Rap alternativo,Jazz rap,1,Chilena,No,Aldea Verde,4
2019,Drunvaloop,Electrónica,NA,NA,3,Chilena,No,HEINEKEN Lounge Stage,1
2019,Compadre,Electrónica,NA,NA,2,Chilena,No,HEINEKEN Lounge Stage,1
2019,Dj Tressor,Electrónica,Techno,House,1,Chilena,No,HEINEKEN Lounge Stage,1
2019,Red Rabbit,Electrónica,Tech house,Remember,1,Chilena,No,HEINEKEN Lounge Stage,1
2019,Melanie Ribbe,Electrónica,Techno,House,1,Alemana,No,HEINEKEN Lounge Stage,1
2019,Fernanda Arrau,Electrónica,Dance,NA,1,Chilena,No,HEINEKEN Lounge Stage,1
2019,Golden Rat,Techno,House,NA,1,Chilena,No,HEINEKEN Lounge Stage,1
2019,Isa Rojas,Electrónica,Dance,NA,1,Chilena,No,HEINEKEN Lounge Stage,1
2019,Pol del Sur,Electrónica,Pop,Rap,1,Chilena,No,HEINEKEN Lounge Stage,1
2019,Entrópica,Electrónica,Dance,Synth pop,1,Chilena,No,HEINEKEN Lounge Stage,1
2019,Satori,Electrónica,Tech house,NA,1,Neerlandesa,No,HEINEKEN Lounge Stage,1
2019,Dj Raff,Electrónica,Hip hop,Trip-hop,1,Chilena,No,HEINEKEN Lounge Stage,3
2019,Jefe Indio,Electrónica,Techno,House,2,Chilena,No,HEINEKEN Lounge Stage,1
2019,Marcela Thais,Pop,Electrónica,NA,1,Chilena,No,HEINEKEN Lounge Stage,1
2019,Sita Abellán,Techno,Electroclash,NA,1,Española,No,HEINEKEN Lounge Stage,1
2019,Fantasna,House,Techno,Electrónica,1,Chilena,No,HEINEKEN Lounge Stage,1
2019,Valesuchi,Electrónica,Dance,NA,1,Chilena,No,HEINEKEN Lounge Stage,1
2022,Foo Fighters,Hard rock,Rock alternativo,Post grunge,6,Estadounidense,Sí,VTR Stage,2
2022,Martin Garrix,Electro house,Electrónica,NA,1,Neerlandesa,Sí,Banco de Chile Stage,2
2022,Jhay Cortez,Reguetón,Trap latino ,NA,1,Puertorriqueña,No,VTR Stage,1
2022,KAYTRANADA,Electrónica,R&bB,Hip hop,1,Haitiana-Canadiense,No,Perry's Stage,1
2022,Cultura Profética,Reggae,Roots reggae,NA,4,Puertorriqueña,No,Banco de Chile Stage,1
2022,IDLES,Punk-rock,NA,NA,5,Británica,No,VTR Stage,1
2022,Justin Quiles,Reguetón,Trap,NA,1,Estadounidense ,No,Axe Stage,1
2022,Alexisonfire,Rock alternativo,Post-hardcore,NA,5,Canadiense,No,Axe Stage,1
2022,Alessia Cara ,Pop,R&B,Soul,1,Canadiense,No,Axe Stage,1
2022,Remi Wolf,Funk,Pop,Indie Rock,1,Estadounidense ,No,Axe Stage,1
2022,The Wombats,Indie Rock,NA,NA,3,Británica,No,VTR Stage,1
2022,Channel Tres,Electrónica,Dance,Jazz,1,Estadounidense ,No,Perry's Stage,1
2022,Marky Ramone,Punk rock,NA,NA,1,Estadounidense ,No,Banco de Chile Stage,1
2022,Trueno,Hip hop,Rap ,NA,1,Argentina,No,Perry's Stage,1
2022,Pabllo Vittar,Pop,Brega funky,Hyperpop,1,Brasileña,No,Perry's Stage,1
2022,Fernanda Milagros,Pop rock,Indie folck ,NA,1,Chilena,No,Axe Stage,4
2022,Camila Moreno,Folk Rock,Rock,Indie,1,Chilena,No,Lotus Stage,3
2022,Polimá Westcoast,Pop rap,House,Trap latino,1,Chilena,No,Perry's Stage,2
2022,Harry Nach,Trap,NA,NA,1,Chilena,No,Perry's Stage,1
2022,Paula Cendejas,Pop,R&B ,NA,1,Española,No,Lotus Stage,1
2022,Kidd Tetoon,Trap,NA,NA,1,Chilena,No,Perry's Stage,1
2022,Francisco Victoria,Pop,NA,NA,1,Chilena,No,Aldea Verde,1
2022,Dulce y Agraz,Pop,NA,NA,1,Chilena,No,Lotus Stage,1
2022,Delic,Pop,Soul,NA,1,Holandesa,No,Lotus Stage,1
2022,The Alive,Rock,NA,NA,3,Estadounidense ,No ,VTR Stage,1
2022,Bocho,Pop,Rock  ,Folclor,1,Chilena,No ,Banco de Ch+G390+G395,1
2022,Temple Agents,Hard Rock,NA,NA,4,Chilena,No ,Aldea Verde,2
2022,Antónima,Pop,NA,NA,1,Chilena,No ,Aldea Verde,1
2022,Miley Cyrus,Pop rock,R&B,Hip hop,1,Estadounidense,Sí,VTR Stage,1
2022,A$AP ROCKY,Hip hop,Rap,Trap,1,Estadounidense ,Sí,Banco de Chile Stage,1
2022,Alesso,Electro house,NA,NA,1,Sueca,Sí,Perry's Stage,1
2022,Cami,Pop,Balada romántica,NA,1,Chilena,No,VTR Stage,1
2022,Turnstile,Punk hardcore,NA,NA,4,Estadounidense,No,VTR Stage,1
2022,Javiera y los imposibles,Pop rock,Tropipop,NA,4,Chilena,No,VTR Stage,2
2022,Tiro de gracia,Hip hop,NA,NA,2,Chilena,No,VTR Stage,1
2022,The Strokes,Rock alternativo,Garage rock revival,NA,5,Estadounidense,Sí,VTR Stage,2
2022,Machine Gun Kelly,Hip hop,Pop punk,Pop rock,1,Estadounidense,Sí,VTR Stage,1
2022,LP,Indie poo,Pop rock,NA,1,Estadounidense,No,VTR Stage,1
2022,Kramer,Humor,NA,NA,1,Chilena,No,VTR Stage,1
2022,Drefquila,Trap latino,Reguetón,R&B,1,Chilena,No,VTR Stage,2
2022,Doja Cat,Hip hop, R&B,Pop rap,1,Estadounidense,Sí,Banco de Chile Stage,1
2022,Nicki Nicole,Pop,Soul,NA,1,Argentina,No,Banco de Chile Stage,1
2022,JXDN,Pop,Punk,NA,1,Estadounidense,No,Banco de Chile Stage,1
2022,Mariel Mariel,Pop,Rap,Tango,1,Chilena,No,Banco de Chile Stage,2
2022,A day to remember,Post-hardcore,NA,NA,4,Estadounidense,No,Banco de Chile Stage,1
2022,Tai Verdes,Pop,R&b,NA,1,Estadounidense,No,Banco de Chile Stage,1
2022,Rawayana,Reggae,Funk,Soul,4,Venezolana,No,Banco de Chile Stage,1
2022,Soul de Lua,Hip hop,Soul,NA,2,Chilena,No,Banco de Chile Stage,1
2022,Deorro,Electro house,Dutch house,Trap,1,Mexicana-Estadounidense,No,Perry's Stage,2
2022,Goldfish,Electrónica,NA,NA,2,Sudafricana,No,Perry's Stage,1
2022,Pablo Chill-e,Trap   ,Urbano,NA,1,Chilena,No,Perry's Stage,1
2022,Ceaese,Trap latino,Urbano,NA,1,Chilena,No,Perry's Stage,2
2022,Boombox Cartel,Electrónica,NA,NA,2,Mexicana-Estadounidense,No,Perry's Stage,1
2022,Jesse Baez,R&B,NA,NA,1,Guatemalteca-Estadounidense,No,Perry's Stage,1
2022,Jotape Psycho,Rap  ,Trap,Soul,1,Chilena,No,Perry's Stage,1
2022,Alan Walker,Electro house,Dubstep,Dance pop,1,Noruega-Británica,No,Perry's Stage,2
2022,Chris Lake,Electrónica,NA,NA,1,Británico,No,Perry's Stage,1
2022,Ashnikko,Pop,Trap,Funk,1,Estadounidense,No,Perry's Stage,1
2022,Alok,Electrónica,House,Deep house,1,Brasileña,No,Perry's Stage,1
2022,Marcianeke,Trap latino,Reguetón  ,NA,1,Chilena,No,Perry's Stage,1
2022,Princesa Alba,Trap,R&B,Pop  ,1,Chilena,No,Perry's Stage,1
2022,Power Peralta,Pop ,Hip hop,Baile,2,Chilena,No,Perry's Stage,1
2022,Ghetto Kids,Reguetón,Trap,Electrónica,3,Mexicana,No,Perry's Stage,1
2022,Tiago PZK,Trap,R&B,NA,1,Argentina,No,Axe Stage,1
2022,Marina,Pop ,Indie pop,Electropop,1,Británica,No,Axe Stage,2
2022,Beto Cuevas,Pop rock,NA,NA,1,Chilena,No,Axe Stage,1
2022,BBS paranóicos,Punk,NA,NA,4,Chilena,No,Axe Stage,2
2022,Pascuala Ilabaca y fauna,Pop,NA,NA,6,Chilena,No,Aldea Verde,2
2022,Slowkiss,Rock alternativo,NA,NA,3,Chilena,No,Axe Stage,1
2022,Jack Harlow,Hip hop,R&B,NA,1,Estadounidense,No,Axe Stage,1
2022,Kehlani,R&B,NA,NA,1,Estadounidense,No,Axe Stage,1
2022,070 shake,Soul,Rap,NA,1,Estadounidense,No,Axe Stage,1
2022,Marc Segui,Trap,Rap,Reguetón,1,Española,No,Axe Stage,1
2022,Cimafunk,Funk,Hip hop,NA,1,Cubana,No,Axe Stage,1
2022,Javiera Mena,Electropop,Indie pop,Pop,1,Chilena,No,Lotus Stage,3
2022,Pedro Piedra,Rock,Hip hop,Indie,1,Chilena,No,Lotus Stage,4
2022,Rubio,Pop  ,Electrónica,NA,1,Chilena,No,Lotus Stage,3
2022,Hoppo!,Folk,Rock,Alternativo,1,Chilena-Mexicana,No,Lotus Stage,3
2022,Soulfia,Pop  ,Funk,Soul,1,Chilena,No,Lotus Stage,1
2022,Inti histórico quilapayun,Folclor,NA,NA,NA,Chilena,No,Lotus Stage,1
2022,Lucybell,Rock alternativo,Shoegaze,Dream pop,3,Chilena,No,Lotus Stage,3
2022,C-funk,Funk,Soul,Rock  ,7,Chilena,No,Lotus Stage,1
2022,Latin Bitman,Hip hop,Funk,R&B,1,Chilena,No,Lotus Stage,3
2022,Girlultra,R&B,Soul,,1,Mexicana,No,Lotus Stage,1
2022,Golden Dawn Arkestra,Afro-beat,Soul,Funk,NA,Estadounidense,No,Aldea Verde,1
2022,Micro TDH,Hip hop,Trap latino,Dance pop,1,Venezolana,No,Aldea Verde,1
2022,BMF Squad,Hip hop,Rap,NA,1,Chilena,No,Aldea Verde,1
2022,Silvestre y la naranja,Rock,Indie Rock,Funk,4,Argentina,No,Aldea Verde,1
2022,Nakeye,Hip hop,Reggae,Electrónica,1,Chilena,No,Aldea Verde,1
2022,Yorka,Pop,Indie pop,,2,Chilena,No,Aldea Verde,1
2022,Red Bull Batalla,Freestyle,NA,NA,NA,Múltiple,No,Aldea Verde,1
2022,Catana,Hip hop,R&B,Electrónica,1,Chilena,No,Aldea Verde,1
2022,Liz Santibañez,Pop,Folk Rock,NA,1,Chilena,No,Aldea Verde,1
2023,Billie Eilish,Electropop,Indie pop,Pop alternativo,1,Estadounidense,Sí,Costanera Center Stage,1
2023,Kali Uchis,Pop,R&B,Hip hop,1,Colombiana-Estadounidense,No,Costanera Center Stage,1
2023,Mother Mother,Rock,Indie Rock,NA,5,Canadiense,No,Costanera Center Stage,1
2023,Usted Señalemelo,Indie Rock,Rock alternativo,NA,3,Argentina,No,Costanera Center Stage,1
2023,Pailita,Trap,Reguéton,NA,1,Chilena,No,Costanera Center Stage,1
2023,Sofía Gabanna,Rap,Soul,NA,1,Española-Argentina,No,Costanera Center Stage,1
2023,Drake,R&B,Hip hop,Pop,1,Canadiense,Sí,Costanera Center Stage,1
2023,Tove Lo,Pop,Electropop,Indie pop,1,Sueca,No,Costanera Center Stage,2
2023,Young Cister,Trap,Pop urbano,Reguetón,1,Chilena,No,Costanera Center Stage,1
2023,El Kuelgue,Rock fusión,Funk,Indie pop,6,Argentina,No,Costanera Center Stage,1
2023,Stailok,Hip hop,Reggae,NA,1,Chilena,No,Costanera Center Stage,1
2023,Twenty One Pilots,Rap rock,Electropop,Indie pop,2,Estadounidense,Sí,Costanera Center Stage,3
2023,The 1975,Pop rock,Indie pop,Indie rock,4,Británica,No,Costanera Center Stage,3
2023,Wallows,Indie rock,Post-punk,Power pop,3,Estadounidense,No,Costanera Center Stage,2
2023,Alex Anwandter,Pop,Electropop,Rock alternativo,1,Chilena,No,Costanera Center Stage,3
2023,Spiral vortex,Rock,Indie,Electrónica,4,Chilena,No,Costanera Center Stage,2
2023,Lil Nas X,Hip hop,Trap,R&B,1,Estadounidense,Sí,Banco de Chile Stage,1
2023,Conan Gray,Pop,Indie pop,NA,1,Estadounidense,No,Banco de Chile Stage,1
2023,Mora,Trap latino,Reguetón,Electrónica,1,Puertorriqueña,No,Banco de Chile Stage,1
2023,Conociendo Rusia,Rock,Pop,NA,1,Argentina,No,Banco de Chile Stage,1
2023,Elsa y Elmar,Pop,Folk,Indie,1,Colombiana,No,Banco de Chile Stage,1
2023,Rosalía,Pop latino,R&B,Reguetón,1,Española,Sí,Banco de Chile Stage,2
2023,Aurora,Pop,Synth pop,Folk,1,Noruega,No,Banco de Chile Stage,2
2023,Danny Ocean,Pop latino,Reguetón,Dancehall,1,Venezolana,No,Banco de Chile Stage,1
2023,Louta,Trap,Pop,Reguetón,1,Argentina,No,Banco de Chile Stage,1
2023,Villano Antivillano,Reguetón,Rap,Dancehall,1,Puertorriqueña,No,Banco de Chile Stage,1
2023,Tame Impala,Rock psicodélico,Synth pop,Rock espacial,1,Australiana,Sí,Banco de Chile Stage,2
2023,Jane's Addiction,Rock alternativo,Hard rock,Rock gótico,4,Estadounidense,No,Banco de Chile Stage,2
2023,Yungblud,Rock alternativo,Pop punk,Indie rock,1,Británica,No,Banco de Chile Stage,1
2023,Ottto,Funk,Skte punk,NA,3,Estadounidense,No,Banco de Chile Stage,1
2023,Rise Against,Hardcore punk,Punk rock,Hardcore melódico,4,Estadounidense,No,Axe Stage,1
2023,Polo x Pan,Electrónica,Deep house,Synth pop,2,Francesa,No,Axe Stage,1
2023,Modest Mouse,Rock alternativo,Indie rock,Slacker rock,6,Estadounidense,No,Axe Stage,1
2023,Hot Milk,Pop emo,Pop punk,Rock alternativo,2,Británica,No,Axe Stage,1
2023,Friolento,Pop,Indie pop,Post punk,4,Chilena,No,Axe Stage,1
2023,Chini.PNG,Post punk,Indie pop,NA,1,Chilena,No,Axe Stage,1
2023,Cigarettes After Sex,Indie rock,Dream pop,Slowcore,3,Estadounidense,No,Axe Stage,1
2023,The Rose,Rock,Pop rock,Indie rock,4,Coreana,No,Axe Stage,1
2023,Suki Waterhouse,Indie rock,Dream pop,Pop alternativo,1,Británica,No,Axe Stage,1
2023,Marilina Bertoldi,Rock alternativo,Funk,NA,1,Argentina,No,Axe Stage,1
2023,Benito Cerati,Rock,Pop,Electrónica,1,Chilena-Argentina,No,Axe Stage,1
2023,Masquemusica,Indie,R&B,Soul,1,Chilena,No,Axe Stage,1
2023,Melanie Martinez,Pop alternativo,Electropop,Pop rock,1,Estadounidense,No,Axe Stage,2
2023,Lit Killah,R&B,Trap latino,Reguetón,1,Argentina,No,Axe Stage,1
2023,Sofi Tukker,House,Electrónica,Pop,2,Estadounidense,No,Axe Stage,1
2023,Pánico,Rock alternativo,Indie rock,Post-punk,2,Chilena,No,Axe Stage,1
2023,Nano Stern,Rock,Folk,Trova,1,Chilena,No,Axe Stage,2
2023,Plumas,Pop-rock,NA,NA,2,Chilena,No,Axe Stage,1
2023,Claptone,Tech house,Deep house,Indie Dance,2,Alemana,No,Perry's Stage,1
2023,Gorgon City,House,Deep house,Tech house,2,Británica,No,Perry's Stage,1
2023,Tokischa,Reguetón,Dancehall,Diva house,1,Dominicana,No,Perry's Stage,1
2023,Ryan Castro,Reguetón,Dancehall,NA,1,Colombiana,No,Perry's Stage,1
2023,Nora en Pure,Deep house,Indie Dance,Tech house,1,Sudafricana,No,Perry's Stage,1
2023,Rojuu,Trap experimental,Emo trap,NA,1,Española,No,Perry's Stage,1
2023,Dillom,Hip hop,Indie pop,Punk rock,1,Argentina,No,Perry's Stage,1
2023,Shirel,Pop,Trap,R&B,1,Peruana,No,Perry's Stage,1
2023,Loyaltty,Trap,Reguetón,NA,1,Chilena,No,Perry's Stage,1
2023,Armin Van Buuren,Trance,Electro house,Tech Trance,1,Neerlandesa,No,Perry's Stage,1
2023,Alison Wonderland,Electropop,Future bass,NA,1,Australiana,No,Perry's Stage,2
2023,John Summit,House,Electrónica,Tech house,1,Estadounidense,No,Perry's Stage,1
2023,Cris MJ,Reguetón,Trap,NA,1,Chilena,No,Perry's Stage,1
2023,Young Miko,Trap latino,Reguetón,Pop urbano,1,Puertorriqueña,No,Perry's Stage,1
2023,Madds,Electrónica,House,NA,1,Sudáfrica,No,Perry's Stage,1
2023,Melanie Ribbe,Electrónica,Techno,House,1,Alemana,No,Perry's Stage,2
2023,Red Bull Batalla,Freestyle,NA,NA,NA,Múltiple,No,Perry's Stage,2
2023,Baus,Techno,NA,NA,1,Estadounidense,No,Perry's Stage,1
2023,Jamie XX,Indie pop,House,Indietronica,1,Británica,No,Perry's Stage,1
2023,Purple Disco Machine,Nu-disco,House,NA,1,Alemana,No,Perry's Stage,1
2023,Fred Again..,House,Pop,Downtempo,1,Británica,No,Perry's Stage,1
2023,Álvaro Díaz,Reguetón,Trap latino,R&B,1,Puertorriqueña,No,Perry's Stage,1
2023,YSY A,Trap latino,Hip hop,House,1,Argentina,No,Perry's Stage,1
2023,DT. Bilardo,Reguetón,Trap,RKT,1,Argentina,No,Perry's Stage,1
2023,King Savagge,Reguetón,Trap,Mambo,1,Chilena,No,Perry's Stage,1
2023,Pablito Pesadilla,Dance,Electrónica,Urbano,1,Chilena,No,Perry's Stage,1
2023,RVYO,Hip hop,Rap,NA,1,Chilena,No,Perry's Stage,1
2023,Vicente Cifuentes,Trova,Pop,NA,1,Chilena,No,Aldea Verde,1
2023,Angelo Pierattini,Rock,Hard rock,NA,1,Chilena,No,Aldea Verde,1
2023,Francisco el hombre,Pop rock,Folclor,MPB,5,Brasileña,No,Aldea Verde,1
2023,Tom D. Rocka,Rock,Folk,Electrónica,1,Chilena,No,Aldea Verde,1
2023,El cruce,Blues rock,Blues criollo,NA,5,Chilena,No,Aldea Verde,1
2023,Ases falsos,Rock alternativo,NA,NA,7,Chilena,No,Aldea Verde,3
2023,Benjamín Walker,Folk,Indie,NA,1,Chilena,No,Aldea Verde,1
2023,Yael Meyer,Indie,Folk,NA,1,Chilena,No,Aldea Verde,2
2023,Clemente,Pop latino,Balada romántica,NA,1,Chilena,No,Aldea Verde,1
2023,Código abierto,Rock,Pop rock,NA,3,Chilena,No,Aldea Verde,1
2023,Alain Johannes Trio,Rock alternativo,Hard rock,Blues rock,3,Chilena,No,Aldea Verde,2
2023,Gufi,Pop punk,Punk rock,NA,3,Chilena,No,Aldea Verde,1
2023,Malamen,Reggae rock,Calireggae,NA,NA,Chilena,No,Aldea Verde,1
2023,Alectrofobia,Rock alternativo,NA,NA,3,Chilena,No,Aldea Verde,1
2023,Samsara,Rock alternativo,Pop,Hard rock,4,Chilena,No,Aldea Verde,1
2024,Bratty,Bedroom pop,Garage rock,NA,1,Mexicana,No,Cenco Malls Stage,1
2024,Kenia Os,R&B ,Pop,NA,1,Mexicana,No,Cenco Malls Stage,1
2024,Jessie Reyez,R&B,Hip hop,NA,1,Canadiense,No,Cenco Malls Stage,1
2024,Thirty Seconds To Mars,Rock alternativo,Metal progresivo,Post-hardcore,2,Estadounidense,No,Cenco Malls Stage,2
2024,Feid,Reguetón,Pop latino,R&B,1,Colombiana,Sí,Cenco Malls Stage,1
2024,Tronic,Punk ,Pop,NA,4,Chilena,No,Cenco Malls Stage,1
2024,Glup!,Rock chileno,Indie rock,NA,3,Chilena,No,Cenco Malls Stage,1
2024,Fletcher,Pop,R&B,NA,1,Estadounidense,No,Cenco Malls Stage,1
2024,The Offspring,State punk,Punk rock,Rock alternativo,5,Estadounidense,No,Cenco Malls Stage,1
2024,Blink-182,Pop punk,Punk rock,Skate punk,3,Estadounidense,Sí,Cenco Malls Stage,1
2024,Orquesta Fach,Jazz,Pop,Sinfónica,NA,Chilena,No,Cenco Malls Stage,2
2024,Los Mesoneros,Rock alternativo,Pop rock,NA,3,Venezolana,No,Cenco Malls Stage,1
2024,Denise Rosenthal,Pop latino,Dance pop,Balada,1,Chilena,No,Cenco Malls Stage,1
2024,Jere Klein,Reguetón,Trap,RKT,1,Chilena,No,Cenco Malls Stage,1
2024,Phoenix,Indie rock,Indie pop,Synth pop,4,Francesa,No,Cenco Malls Stage,2
2024,SZA,R&B,Pop,NA,1,Estadounidense,Sí,Cenco Malls Stage,1
2024,Machuca,Punk rock,NA,NA,4,Chilena,No,Banco de Chile Stage,1
2024,Gale,Pop latino,Synth pop,Rock alternativo,1,Puertorriqueña,No,Banco de Chile Stage,1
2024,Dayglow,Indie pop,Pop alternativo,NA,1,Estadounidense,No,Banco de Chile Stage,1
2024,Hozier,Indie,R&B,Blues,1,Irlandesa,No,Banco de Chile Stage,1
2024,Limp Bizkit,Nu metal,Rap metal,Rap rock,5,Estadounidense,Sí,Banco de Chile Stage,1
2024,Meduza,House,Electrónica,NA,3,Italiana,No,Banco de Chile Stage,1
2024,Verito Asprilla,Trap  ,Dancehall,Dembow,1,Colombiana,No,Banco de Chile Stage,1
2024,Monsieur Periné,Pop,Jazz,Bolero,2,Colombiana,No,Banco de Chile Stage,3
2024,Francisca Valenzuela,Pop rock,Pop latino,Folk,1,Chilena,No,Banco de Chile Stage,4
2024,Arcade Fire,Indie rock,Art rock,Chamber pop,5,Canadiense,Sí,Banco de Chile Stage,2
2024,Chencho Corleone,Reguetón,NA,NA,1,Puertorriqueña,No,Banco de Chile Stage,1
2024,Chystemc,Hip hop ,Rap,NA,1,Chilena,No,Banco de Chile Stage,1
2024,Nicole,Pop,Pop rock,NA,1,Chilena,No,Banco de Chile Stage,2
2024,Grupo Frontera,Regional mexicano,Cumbia norteña mexicana,Country,6,Estadounidense,No,Banco de Chile Stage,1
2024,Jungle,Soul,Nu-disco,Neo soul,7,Británica,No,Banco de Chile Stage,2
2024,Sam Smith,Pop,R&B,Soul,1,Británica,Sí,Banco de Chile Stage,2
2024,Florian,Rock,Pop,Indie,1,Argentina,No,Alternative Stage,1
2024,Muerdo,Reggae ,Pop,Folk,1,Española,No,Alternative Stage,1
2024,León Larregui,Rock alternativo,Rock psicodélico,Neopsicodelia,1,Mexicana,No,Alternative Stage,1
2024,Pierce The Veil,Post-hardcore,Rock alternativo,Pop punk,3,Estadounidense,No,Alternative Stage,1
2024,El mató a un policía motorizado,Electro pop,Indie Rock,Rock espacial,5,Argentina,No,Alternative Stage,1
2024,King Gizzard & The Lizard Wizard,Psicodelia,Garage rock,Folk,6,Australiana,No,Alternative Stage,1
2024,BB Tickz,Drill,Urbana,NA,1,Española,No,Alternative Stage,1
2024,Fármacos,Rock,Pop,NA,5,Chilena,No,Alternative Stage,2
2024,José Madero,Folk rock,Indie rock,Pop rock,1,Mexicana,No,Alternative Stage,1
2024,Cami,Pop latino,Rock latino,Balada romántica,1,Chilena,No,Alternative Stage,2
2024,Movimiento Original,Hip hop,Rap reggae,NA,3,Chilena,No,Alternative Stage,4
2024,The Blaze,Electrónica,House,Indie pop,2,Francesa,No,Alternative Stage,1
2024,Estoy bien,Post-hardcore,Emo,Pop punk,3,Chilena,No,Alternative Stage,1
2024,FACEBROOKLYN,Reguetón,Pop,Indie,1,Chilena,No,Alternative Stage,1
2024,Gonzalo Yáñez,Rock ,Pop ,NA,1,Uruguaya-Chilena,No,Alternative Stage,1
2024,Ana Tijoux,Hip hop consciente,Rap alternativo,Jazz rap,1,Chilena,No,Alternative Stage,5
2024,Nothing but thieves,Hard rock,Indie rock,Stoner rock,5,Británica,No,Alternative Stage,2
2024,Omar Apollo,R&B,Funk,Soul,1,Mexicana-Estadounidense,No,Alternative Stage,1
2024,The Driver Era,Rock alternativo,Pop alternativo,NA,2,Estadounidense,No,Alternative Stage,1
2024,Ceaese,Trap latino,Urbano,NA,1,Chilena,No,Perry's Stage,3
2024,Bhavi,Trap latino,Hip hop,R&B,1,Argentina,No,Perry's Stage,1
2024,Bad Milk,Punk ,Rock,NA,1,Colombiana,No,Perry's Stage,1
2024,Latin Mafia,Reguetón,Trap,House,3,Mexicana,No,Perry's Stage,1
2024,AKRIILA,Trap latino,Pop experimental,Drum and bass,1,Chilena,No,Perry's Stage,1
2024,Overmono,Electrónica,Breakbeat,NA,2,Británica,No,Perry's Stage,1
2024,Dombresky,Funky,Feel-good,NA,1,Estadounidense,No,Perry's Stage,1
2024,Zhu,House,Deep house,NA,1,Estadounidense,No,Perry's Stage,2
2024,Bresh,Pop ,Reguetón,Trap,NA,Argentina,No,Perry's Stage,1
2024,Lua Lacruz,Pop,Urbano,NA,1,Chilena,No,Perry's Stage,1
2024,Aura Bae,Funk,Soul,Pop,1,Chilena,No,Perry's Stage,1
2024,DJ Tee,Rap,Hip hop,NA,1,Chilena,No,Perry's Stage,1
2024,Rainao,Reguetón,R&B,Trap,1,Puertorriqueña,No,Perry's Stage,1
2024,Kid Voodoo,Reguetón,Trap latino,Rock indie,1,Chilena,No,Perry's Stage,1
2024,Pablito Pesadilla,Dance,Electrónica,Urbano,1,Chilena,No,Perry's Stage,2
2024,MK,Deep house,R&B,House,1,Estadounidense,No,Perry's Stage,1
2024,Dom Dolla,House,Tech house,Future house,1,Australiana,No,Perry's Stage,1
2024,Diplo,Electrónica,Hip hop,Pop,1,Estadounidense,No,Perry's Stage,2
2024,LSV,Tech-House,Electrónica,NA,1,Chilena,No,Perry's Stage,1
2024,Taiu,Trap,Electrónica,NA,1,Argentina,No,Perry's Stage,1
2024,NSQK,Pop,R&B,Trap,1,Mexicana,No,Perry's Stage,1
2024,Alejo,Urbano,NA,NA,1,Puertorriqueña,No,Perry's Stage,1
2024,Saiko,Reguetón,Trap,NA,1,Chilena,No,Perry's Stage,2
2024,DJ Who,Electrónica,Pop,NA,1,Chilena,No,Perry's Stage,4
2024,Easykid,Reguetón,Trap,Urbano,1,Chilena,No,Perry's Stage,1
2024,Loud Luxury,Deep house,Future house,NA,2,Canadiense,No,Perry's Stage,1
2024,Timmy Trumpet,Trap,Electrohouse,Bounce,1,Australiana,No,Perry's Stage,1
2024,Above & Beyond,Trance,Big room house,Progressive house,3,Británica,No,Perry's Stage,2
2024,El significado de las flores,Noise rock,Rock alternativo,Shoegaze,4,Chilena,No,Lotus Stage,1
2024,Cigarbox Man,Rock alternativo,NA,NA,1,Chilena,No,Lotus Stage,2
2024,Tiano Bless,Reggae,Jazz,Champeta,1,Chilena-Brasileña,No,Lotus Stage,3
2024,Ximena Sariñana,Rock  ,Blues,Soul,1,Mexicana,No,Lotus Stage,1
2024,Diamante Eléctrico,Garage rock,Indie rock,Funk rock,3,Colombiana,No,Lotus Stage,1
2024,Los Pericos,Reggae,Ska,Rocksteady,6,Argentina,No,Lotus Stage,1
2024,Tenemos explosivos,Post-hardcore,Post-punk,Rock alternativo,5,Chilena,No,Lotus Stage,1
2024,The Alive!,Rock alternativo,Grunge,Garage rock,3,Estadounidense,No,Lotus Stage,3
2024,Los Miserables,Punk rock,Hardcore,Rock alternativo,6,Chilena,No,Lotus Stage,1
2024,Andres Nusser,Indie pop,Rock indie,Rock alternativo,1,Chilena,No,Lotus Stage,1
2024,Francisco Victoria,Pop ,NA,NA,1,Chilena,No,Lotus Stage,2
2024,Red Bull Batalla,Freestyle,NA,NA,NA,Múltiple,No,Lotus Stage,3
2025,Indios,Pop ,Rock  ,NA,6,Argentina  ,No,Cenco Malls Stage,1
2025,Dante Spinetta,Hip hop,Rap rock,Funk,1,Argentina,No,Cenco Malls Stage,1
2025,Joe Vasconcellos,Pop-rock,Blues,Cumbia,1,Chilena,No,Cenco Malls Stage,3
2025,Benson Boone,Pop,Pop rock,Rap,1,Estadounidense,No,Cenco Malls Stage,1
2025,Olivia Rodrigo,Pop,Folk,Rock  ,1,Estadounidense,Sí,Cenco Malls Stage,1
2025,Seamoon,Hip hop,R&B,NA,1,Chilena,No,Cenco Malls Stage,1
2025,Lasso,Pop,Pop rock,Balada romántica,1,Venezolana-Mexicana,No,Cenco Malls Stage,1
2025,Babasónicos,Rock alternativo,Art pop,Rock electrónico,5,Argentina,No,Cenco Malls Stage,2
2025,Foster The People,Indie rock,Indie pop,Alternativo,2,Estadounidense,No,Cenco Malls Stage,3
2025,Justin Timberlake,Pop,R&B,Neo soul,1,Estadounidense,Sí,Cenco Malls Stage,1
2025,Turf,Rock  ,Pop rock,Synth pop,5,Argentina,No,Cenco Malls Stage,1
2025,Lucybell,Rock alternativo,Shoegaze,Dream pop,3,Chilena,No,Cenco Malls Stage,4
2025,The Marías,Indie pop,Indie rock,Rock psicodélico,2,Estadounidense,No,Cenco Malls Stage,1
2025,Los Tres,Rock,Folk rock,Jazz rock,4,Chilena,No,Cenco Malls Stage,3
2025,Tool,Metal alternativo,Art rock,Post-metal,4,Estadounidense,Sí,Cenco Malls Stage,1
2025,Elena Rose,Reguetón,R&B,Pop,1,Estadounidense-Venezolana,No,Banco de Chile Stage,1
2025,Soulfia,Pop  ,Funk,Soul,1,Chilena,No,Banco de Chile Stage,2
2025,Girl in red,Indie pop,Indie rock,Bedroom pop,1,Noruega,No,Banco de Chile Stage,1
2025,Rawayana,Reggae,Pop psicodélico,Funk,4,Venezolana,No,Banco de Chile Stage,1
2025,Rüfüs Du Sol,Alternative dance,Electrónica,House,3,Australiana,Sí,Banco de Chile Stage,2
2025,Karla Grunewaldt,Pop,Folk ,Indie pop,1,Chilena,No,Banco de Chile Stage,1
2025,Resonancia etérea,Indie rock,Rock alternativo,Pop rock,4,Chilena,No,Banco de Chile Stage,1
2025,Nathy Peluso,Hip hop,Neo soul,R&B,1,Argentina-Española-Italiana,No,Banco de Chile Stage,1
2025,Parcels,Nu-disco,Funk,Indie pop,5,Australiana,No,Banco de Chile Stage,2
2025,Alanis Morissette,Pop rock,Rock alternativo,NA,1,Canadiense-Estadounidense,Sí,Banco de Chile Stage,1
2025,Chances,Post-hardcore,Metal alternativo,Rock alternativo,5,Chilena,No,Banco de Chile Stage,1
2025,Arde Bogotá,Rock alternativo,Indie rock,NA,4,Española,No,Banco de Chile Stage,1
2025,Inhaler,Indie rock,Rock alternativo,Post punk,4,Irlandesa,No,Banco de Chile Stage,1
2025,Tate Mcrae,Pop,Pop alternativo,Dance pop,1,Canadiense,No,Banco de Chile Stage,1
2025,Shawn Mendes,Pop,Folk pop,Pop rock,1,Canadiense,Sí,Banco de Chile Stage,1
2025,Balthvs,Funk psicodélico,Soul,House,3,Colombiana,No,Smart Fit Stage,1
2025,Marina Reche,Pop contemporáneo,R&B,Electrónica,1,Española,No,Smart Fit Stage,1
2025,LospetitFellas,Hip hop,Rock,Funk,6,Colombiana,No,Smart Fit Stage,1
2025,Michael Kiwanuka,Indie rock,Folk rock,Soul,1,Británica,No,Smart Fit Stage,1
2025,Caribou,Electrónica,Indie pop,Psicodelia,1,Canadiense,No,Smart Fit Stage,2
2025,Confío en tus amigos,Indie punk,Garage rock,Slacker rock,4,Chilena,No,Smart Fit Stage,1
2025,Pablopablo,R&B,Indie rock,Dream pop,1,Española,No,Smart Fit Stage,1
2025,Francisco Victoria,Pop ,NA,NA,1,Chilena,No,Smart Fit Stage,3
2025,Ca7riel & Paco Amoroso,Trap latino,Hip house,Pop latino,2,Argentina,No,Smart Fit Stage,1
2025,Lara Project,Pop latino,R&B,Urbano,2,Venezolana,No,Smart Fit Stage,1
2025,Mon Laferte,Bolero,Indie pop,Pop rock,1,Chilena,No,Smart Fit Stage,2
2025,Candelabro,Art rock,Rock alternativo,Nerd rock,7,Chilena,No,Smart Fit Stage,2
2025,Israel Vibration & Roots Radics,Reggae,Dancehall,Roots reggae,2,Jamaicana,No,Smart Fit Stage,1
2025,Cancamusa,Indie,Dream pop,Rock alternativo,1,Chilena,No,Smart Fit Stage,1
2025,Artemas,Pop ,Pop alternativo,Dark wave,1,Británica,No,Smart Fit Stage,1
2025,Wave to earth,Rock indie,Indie pop,NA,3,Coreana,No,Smart Fit Stage,1
2025,Sepultura,Thrash metal,Death metal,Groove metal,4,Brasileña,No,Smart Fit Stage,1
2025,Teddy Swims,Country ,Pop,Soul,1,Estadounidense,No,Smart Fit Stage,1
2025,Abrildefresa,Afrobeat,R&B,Pop,1,Chilena,No,Perry's Stage,1
2025,Dezko,House,Deep house,Tech house,1,Colombiana,No,Perry's Stage,1
2025,Taichu,Trap,NA,NA,1,Argentina,No,Perry's Stage,2
2025,Polimá Westcoast,Pop rap,House,Trap latino,1,Chilena,No,Perry's Stage,3
2025,L-Gante,RKT,Trap,Reguetón,1,Argentina,No,Perry's Stage,2
2025,Disco Lines,Future bass,Deep house,Trap,1,Estadounidense,No,Perry's Stage,1
2025,JPEGMafia,Hip hop,Punk rap,Trap metal,1,Estadounidense,No,Perry's Stage,1
2025,KYA,Pop ,Urbano,Funk,1,Chilena,No,Perry's Stage,1
2025,El Malilla,Reguetón mexa,NA,NA,1,Mexicana,No,Perry's Stage,1
2025,Aron,Trap ,Reggae-pop,Pop,1,Española,No,Perry's Stage,1
2025,Hortadoj,Hip hop,Underground rap,Bolero,1,Chilena,No,Perry's Stage,1
2025,Wen bros Cestar & Stailok,Dancehall,Rap ,Reggae,2,Chilena,No,Perry's Stage,1
2025,Drefquila,Trap latino,Reguetón,R&B,1,Chilena,No,Perry's Stage,3
2025,Barry Can't Swim,House,Jazz,Afrobeat,1,Escocesa,No,Perry's Stage,1
2025,Blond:Ish,Afrohouse,Organic house,Deep house,1,Canadiense,No,Perry's Stage,1
2025,Charlotte de Witte,Techno,Trance,Acid techno,1,Belga,No,Perry's Stage,1
2025,Killua97,Trap,Rap ,NA,1,Chilena,No,Perry's Stage,1
2025,Kuina,Reguetón,Trap,Pop alternativo,1,Chilena,No,Perry's Stage,1
2025,Reality,Trap ,Drill,Rap,1,Española,No,Perry's Stage,1
2025,Red Bull Batalla,Freestyle,NA,NA,NA,Múltiple,No,Perry's Stage,4
2025,Micro TDH,Hip hop,Trap latino,Dance pop,1,Venezolana,No,Perry's Stage,2
2025,Dillom,Hip hop latino,Indie pop,Trap latino,1,Argentina,No,Perry's Stage,2
2025,Ovy On The Drums,Reguetón,Pop urbano,R&B,1,Colombiana,No,Perry's Stage,1
2025,Kasablanca,Techno,Progressive house,Synthwave,2,Canadiense,No,Perry's Stage,1
2025,San Holo,Trap,Future bass,NA,1,Neerlandesa,No,Perry's Stage,2
2025,Zedd,Electrónica,Dance pop,House,1,Rusa,No,Perry's Stage,3
2026,The Warning,Hard rock,Rock alternativo,Post grunge,3,Mexicana,No,Cenco Malls Stage,1
2026,Gepe,Pop,Electropop,Rock alternativo,1,Chilena,No,Cenco Malls Stage,4
2026,Ruel,Pop ,Soul,Electrónica,1,Británica-Australiana,No,Cenco Malls Stage,1
2026,Doechii,Hip hop,R&B,Pop rap,1,Estadounidense,Sí,Cenco Malls Stage,1
2026,Sabrina Carpenter,Pop ,Dance pop,R&B,1,Estadounidense,Sí,Cenco Malls Stage,1
2026,Zaturno,Rap ,Hip hop,NA,1,Chilena,No,Cenco Malls Stage,4
2026,Candelabro,Art rock,Rock alternativo,Nerd rock,7,Chilena,No,Cenco Malls Stage,2
2026,DJO,Synth pop,Indie pop,Indie rock,1,Estadounidense,No,Cenco Malls Stage,1
2026,Turnstile,Hardcore punk,Rock alternativo,Hardcore melódico,5,Estadounidense,Sí,Cenco Malls Stage,2
2026,"Tyler, The Creator",Rap alternativo,R&B,Hip hop,1,Estadounidense,Sí,Cenco Malls Stage,1
2026,Cristobal Briceño y Grupo Crisis,Pop rock,Indie pop,Folk,5,Chilena,No,Cenco Malls Stage,1
2026,Bandalos Chinos,Indie pop,Synth pop,Soft rock,6,Argentina,No,Cenco Malls Stage,1
2026,Marina,Pop ,Indie pop,Electropop,1,Británica,No,Cenco Malls Stage,3
2026,Lewis Capaldi,Pop,Folk rock,Pop soul,1,Británica-Escocesa,Sí,Cenco Malls Stage,1
2026,Chappel Roan,Synth pop,Pop,Pop indie,1,Estadounidense,Sí,Cenco Malls Stage,1
2026,Dracma,Rock,Metal,NA,5,Chilena,No,Banco de Chile Stage,1
2026,Bad Nerves,Pop punk,Punk rock,NA,5,Británica,No,Banco de Chile Stage,1
2026,Airbag,Pop rock,Pop punk,Hard rock,3,Argentina,No,Banco de Chile Stage,1
2026,Interpol,Indie rock,Rock alternativo,Post-punk revival,3,Estadounidense,No,Banco de Chile Stage,3
2026,Deftones,Metal alternativo,Nu metal,Rock alternativo,4,Estadounidense,Sí,Banco de Chile Stage,2
2026,Young Cister,Trap,Pop urbano,Reguetón,1,Chilena,No,Banco de Chile Stage,2
2026,Astronautiko,Folk urbano,Rap,Trap,1,Chilena,No,Banco de Chile Stage,1
2026,Yami Safdie,Reguetón,Pop latino,R&B,1,Argentina,No,Banco de Chile Stage,2
2026,Royel Otis,Pop indie,Rock indie,Pop rock,2,Australiana,No,Banco de Chile Stage,1
2026,Katseye,Dance pop,Pop,NA,5,Estadounidense,No,Banco de Chile Stage,1
2026,Lorde,Art pop,Synth pop,Dream pop,1,Neozelandesa-Croata,Sí,Banco de Chile Stage,2
2026,Los Bunkers,Rock alternativo,Pop rock,NA,5,Chilena,Sí,Banco de Chile Stage,2
2026,Santo Barrio,Rock,Ska,Punk,6,Chilena,No,Banco de Chile Stage,1
2026,Joaquina,Pop latino,Folk rock,NA,1,Venezolana,No,Banco de Chile Stage,1
2026,Danny Ocean,Pop latino,Reguetón,Dancehall,1,Estadounidense-Venezolana,No,Banco de Chile Stage,2
2026,Adisson Rae,Pop,Synth pop,Electropop,1,Estadounidense,No,Banco de Chile Stage,1
2026,Skrillex,Electrónica,Dubstep,Dance,1,Estadounidense,Sí,Banco de Chile Stage,3
2026,Cleaver,Rock alternativo,Grunge,NA,4,Chilena,No,Alternative Stage,1
2026,LANY,Rock alternativo,Indie pop,Synth pop,3,Estadounidense,No,Alternative Stage,2
2026,Viagra Boys,Post punk,Art punk,Dance punk,6,Sueca,No,Alternative Stage,1
2026,Men I Trust,Indie pop,Indie rock,Dream pop,3,Canadiense,No,Alternative Stage,1
2026,Tom Morello,Metal alternativo,Funk metal,Heavy metal,1,Estadounidense,No,Alternative Stage,1
2026,Mano de Obra,Hardcore punk,Hardcore,NA,5,Chilena,No,Alternative Stage,1
2026,De Saloon,Rock alternativo,Pop rock,Indie rock,3,Chilena,No,Alternative Stage,2
2026,Judeline,Pop indie,Pop alternativo,NA,1,Española,No,Alternative Stage,1
2026,Balu Brigada,Rock indie,Pop alternativo,NA,2,Neozelandesa,No,Alternative Stage,1
2026,Orishas,Hip hop latino,Hip hop alternativo,Rap latino,2,Cubana,No,Alternative Stage,1
2026,Hesse Kassel,Rock alternativo,Post-rock,NA,6,Chilena,No,Alternative Stage,1
2026,Anttonias,Rock,Pop,NA,5,Chilena,No,Alternative Stage,1
2026,Manuel García,Rock,Trova,Folk,1,Chilena,No,Alternative Stage,2
2026,TV Girl,Indie pop,Ambient pop,Dream pop,3,Estadounidense,No,Alternative Stage,1
2026,2 Minutos,Punk rock,Ska punk,NA,5,Argentina,No,Alternative Stage,1
2026,RIIZE,K-pop,Pop rock,House  ,6,Coreana,No,Alternative Stage,1
2026,Benja Valencia,Reguetón,Trap ,Pop,1,Chilena,No,Perry's Stage,1
2026,Bryartz,Reguetón,Trap,Urbano,1,Chilena,No,Perry's Stage,1
2026,Saske,Rap,Urbano,NA,1,Española,No,Perry's Stage,1
2026,3ballmty,Electrónica,Latin house,Tribal house,3,Mexicana,No,Perry's Stage,1
2026,Six Sex,Techno pop,Reguetón,Neoperreo,1,Argentina,No,Perry's Stage,1
2026,HorsegiirL,Eurodance,Happy hardcore,Hyperpop,1,Alemana,No,Perry's Stage,1
2026,Bunt.,Folk house,Deep house,Techno,1,Alemana,No,Perry's Stage,1
2026,Ben Bohmer,Melodic House,Progressive house,NA,1,Alemana,No,Perry's Stage,1
2026,Kygo,House tropical,Dance-pop,House progresivo,1,Noruega,No,Perry's Stage,2
2026,Bruno Borlone,Funk,House,Hip hop,1,Chilena,No,Perry's Stage,1
2026,Marlon Breeze,Trap,Hip hop,NA,1,Chilena,No,Perry's Stage,1
2026,Aura Bae,Pop,Funk,Soul,1,Chilena,No,Perry's Stage,2
2026,Katteyes,Reguetón,Urbano,NA,1,Chilena,No,Perry's Stage,1
2026,Aerobica,Jackin house,Rave,Techno,2,Chilena,No,Perry's Stage,1
2026,Roz,House,Electrónica,NA,2,Mexicana,No,Perry's Stage,1
2026,Yousuke Yuk1matsu,Techno,Gabber,Trap,1,Japonesa,No,Perry's Stage,1
2026,Peggy Gou,Deep house,Dance,Trance,1,Surcoreana,No,Perry's Stage,1
2026,Miss Javi,Deep techno,House,Minimal,1,Chilena,No,Perry's Stage,1
2026,Mauricio Hernandez,Techno,NA,NA,1,Chilena,No,Perry's Stage,1
2026,Caleb Calloway,Electrónica,Dance,NA,1,Puertorriqueña,No,Perry's Stage,1
2026,Hamdi,Dubstep,Grime,Electrónica,1,Británica,No,Perry's Stage,1
2026,Facebrooklyn,Reguetón,Pop,Indie ,1,Chilena,No,Perry's Stage,2
2026,2Hollis & rommulas,Hyperpop,Reguetón,Hip hop,2,Estadounidense,No,Perry's Stage,1
2026,AKRIILA,Trap Latino,Pop experimental,Drum and Bass,1,Chilena,No,Perry's Stage,2
2026,Brutalismus 3000,Hardcore,Hard techno,NA,2,Alemana,No,Perry's Stage,1
2026,Consequence of energy,Rock alternativo,Post-hardcore,NA,5,Chilena,No,Lotus Stage,1
2026,Drink the sea,Rock alternativo,NA,NA,4,Estadounidense-chilena,No,Lotus Stage,1
2026,Amigo de artistas,Cumbia,Cumbia pop,NA,2,Chilena,No,Lotus Stage,1
2026,The La Planta,Cumbia,NA,NA,1,Uruguaya,No,Lotus Stage,1
2026,Gondwana,Reggae,Rocksteady,R&B,8,Chilena,No,Lotus Stage,2
2026,Fonosida,Pop melancólico,Indie Pop,Electropop,4,Chilena,No,Lotus Stage,1
2026,Como asesinar a felipes,Hip hop alternativo,Rap experimental,Rock Psicodélico,5,Chilena,No,Lotus Stage,3
2026,Chicarica,Synth-pop,Electrónica,NA,3,Chilena,No,Lotus Stage,1
2026,Guatarricadelafuente,Folk,Indie,Rumba,1,Española,No,Lotus Stage,1
2026,Rubio,Pop  ,Electrónica,NA,1,Chilena,No,Lotus Stage,4
2026,Tomo como rey,Cumbia,Pachanga,Rock,NA,Chilena,No,Lotus Stage,1
2026,Los borne,Rock alternativo,Folk rock,NA,4,Chilena,No,Lotus Stage,2
2026,La caravana mágica,Pop,Reggae,Hip hop,3,Chilena,No,Lotus Stage,1
2026,Niebla Niebla,Shoegaze,Dreampop,NA,3,Chilena,No,Lotus Stage,1
2026,Claudio Valenzuela Trio,Rock alternativo,Pop  ,Post-punk,3,Chilena,No,Lotus Stage,1
2026,Mau & Ricky,Reguetón,Pop latino,Cumbias,2,Venezolana,No,Lotus Stage,1
2026,Quilapayún,Fusión latinoamericana,Música andina,Música folclórica,11,Chilena,No,Lotus Stage,2
,,,,,,,,,
